{"stats":{"minecraft:killed_by":{"minecraft:player":1},"minecraft:used":{"minecraft:peony":25,"minecraft:light_blue_banner":12,"minecraft:writable_book":5,"minecraft:blue_terracotta":14,"minecraft:polished_granite_stairs":1,"minecraft:light_gray_stained_glass_pane":77,"minecraft:polished_blackstone":203,"minecraft:smooth_quartz_slab":256,"minecraft:dispenser":626,"minecraft:spruce_slab":53,"minecraft:oak_sign":411,"minecraft:ladder":22,"minecraft:black_carpet":1,"minecraft:white_concrete_powder":8,"minecraft:chest":53,"minecraft:white_terracotta":82,"minecraft:stone":56,"minecraft:iron_sword":12,"minecraft:warped_sign":7,"minecraft:quartz_stairs":45,"minecraft:mossy_stone_brick_slab":1,"minecraft:player_head":273,"minecraft:red_nether_brick_stairs":2,"minecraft:smooth_sandstone_stairs":32,"minecraft:green_terracotta":98,"minecraft:debug_stick":1557,"minecraft:lily_of_the_valley":26,"minecraft:jungle_planks":1,"minecraft:nether_bricks":3053,"minecraft:prismarine_brick_stairs":11,"minecraft:orange_wool":16,"minecraft:beehive":67,"minecraft:cyan_wool":27,"minecraft:obsidian":3,"minecraft:polished_blackstone_slab":45,"minecraft:glass":204,"minecraft:packed_ice":31,"minecraft:honey_block":2,"minecraft:cyan_terracotta":94,"minecraft:lava_bucket":2,"minecraft:stripped_dark_oak_wood":2,"minecraft:bricks":727,"minecraft:quartz_slab":5,"minecraft:grass_block":105,"minecraft:quartz_pillar":579,"minecraft:villager_spawn_egg":20,"minecraft:red_wool":114,"minecraft:spruce_wood":3,"minecraft:lantern":64,"minecraft:blue_orchid":26,"minecraft:quartz_block":88,"minecraft:green_wool":33,"minecraft:polished_andesite_stairs":55,"minecraft:warped_nylium":1,"minecraft:dark_oak_leaves":14,"minecraft:diorite_wall":55,"minecraft:stone_brick_stairs":21,"minecraft:stone_bricks":227,"minecraft:item_frame":744,"minecraft:bedrock":10,"minecraft:repeater":81,"minecraft:red_nether_brick_wall":31,"minecraft:birch_button":1,"minecraft:birch_trapdoor":20,"minecraft:snow":216,"minecraft:red_carpet":55,"minecraft:redstone_lamp":162,"minecraft:brown_carpet":163,"minecraft:magma_block":7,"minecraft:bow":1,"minecraft:dark_oak_boat":3,"minecraft:written_book":10,"minecraft:scaffolding":23,"minecraft:yellow_glazed_terracotta":1,"minecraft:furnace":1,"minecraft:polished_diorite_stairs":47,"minecraft:skeleton_skull":22,"minecraft:end_stone_brick_stairs":21,"minecraft:dark_prismarine_stairs":66,"minecraft:large_fern":9,"minecraft:polished_blackstone_stairs":75,"minecraft:brown_concrete_powder":20,"minecraft:stripped_spruce_wood":74,"minecraft:light_blue_carpet":1,"minecraft:dark_oak_stairs":65,"minecraft:chiseled_polished_blackstone":9,"minecraft:mossy_stone_bricks":65,"minecraft:diorite":172,"minecraft:end_rod":3,"minecraft:spruce_door":19,"minecraft:dropper":3,"minecraft:stripped_birch_log":112,"minecraft:birch_leaves":43,"minecraft:gray_carpet":14,"minecraft:prismarine":242,"minecraft:dark_oak_sign":18,"minecraft:blackstone_stairs":3,"minecraft:prismarine_stairs":4,"minecraft:oak_planks":27,"minecraft:polished_diorite_slab":5,"minecraft:blackstone":4,"minecraft:mossy_stone_brick_stairs":3,"minecraft:sandstone":9,"minecraft:redstone_block":7,"minecraft:structure_void":4,"minecraft:clay":64,"minecraft:purpur_pillar":14,"minecraft:smooth_quartz_stairs":36,"minecraft:oak_leaves":60,"minecraft:white_wool":26,"minecraft:dark_oak_trapdoor":12,"minecraft:purpur_stairs":1,"minecraft:sand":2,"minecraft:light_blue_concrete":721,"minecraft:cut_sandstone_slab":5,"minecraft:loom":5,"minecraft:blast_furnace":2,"minecraft:light_blue_wool":5,"minecraft:black_banner":2,"minecraft:smooth_red_sandstone":61,"minecraft:light_gray_terracotta":4,"minecraft:yellow_concrete":71,"minecraft:blue_ice":16,"minecraft:sponge":1,"minecraft:purple_terracotta":80,"minecraft:chiseled_quartz_block":6,"minecraft:note_block":309,"minecraft:stone_brick_wall":96,"minecraft:gray_concrete":6,"minecraft:black_concrete_powder":4,"minecraft:red_sandstone_wall":2003,"minecraft:birch_fence":38,"minecraft:creeper_spawn_egg":9,"minecraft:redstone_torch":1,"minecraft:sticky_piston":8,"minecraft:black_terracotta":63,"minecraft:lever":63,"minecraft:green_concrete":34,"minecraft:black_concrete":376,"minecraft:dark_oak_log":330,"minecraft:lime_carpet":20,"minecraft:light_gray_concrete":38,"minecraft:heavy_weighted_pressure_plate":141,"minecraft:barrier":507,"minecraft:cyan_carpet":1,"minecraft:stone_button":156,"minecraft:string":28,"minecraft:brown_wool":14,"minecraft:warped_slab":5,"minecraft:cut_red_sandstone":18,"minecraft:red_terracotta":32,"minecraft:polished_granite":64,"minecraft:prismarine_wall":8,"minecraft:oak_pressure_plate":3,"minecraft:gravel":82,"minecraft:iron_door":402,"minecraft:diamond_ore":2,"minecraft:lilac":25,"minecraft:polished_andesite_slab":359,"minecraft:soul_lantern":3,"minecraft:blackstone_slab":34,"minecraft:stripped_warped_hyphae":320,"minecraft:jungle_sign":2,"minecraft:diamond_sword":6,"minecraft:smooth_red_sandstone_slab":17,"minecraft:coal_block":20,"minecraft:andesite":77,"minecraft:stripped_oak_wood":69,"minecraft:chain":15,"minecraft:smithing_table":3,"minecraft:green_concrete_powder":1,"minecraft:white_stained_glass":319,"minecraft:birch_log":2,"minecraft:mossy_cobblestone_wall":1,"minecraft:smooth_stone_slab":399,"minecraft:chest_minecart":1,"minecraft:coarse_dirt":94,"minecraft:white_concrete":157,"minecraft:warped_button":1,"minecraft:bone_meal":187,"minecraft:purple_wool":37,"minecraft:cobweb":65,"minecraft:diorite_slab":40,"minecraft:gray_stained_glass":3,"minecraft:diorite_stairs":49,"minecraft:oak_fence":37,"minecraft:oak_trapdoor":11,"minecraft:purpur_block":9,"minecraft:netherite_sword":361,"minecraft:petrified_oak_slab":10,"minecraft:iron_bars":630,"minecraft:trident":188,"minecraft:jungle_leaves":324,"minecraft:polished_blackstone_brick_slab":2,"minecraft:rose_bush":24,"minecraft:acacia_log":17,"minecraft:granite_stairs":2,"minecraft:orange_concrete":27,"minecraft:red_concrete":466,"minecraft:armor_stand":1,"minecraft:redstone":100,"minecraft:light_gray_carpet":3,"minecraft:stripped_warped_stem":7,"minecraft:spruce_planks":308,"minecraft:polished_blackstone_wall":5,"minecraft:sandstone_wall":24,"minecraft:structure_block":8,"minecraft:oak_door":5,"minecraft:torch":6,"minecraft:orange_bed":25,"minecraft:orange_stained_glass":5,"minecraft:light_gray_shulker_box":3,"minecraft:end_stone_brick_wall":7,"minecraft:dirt":87,"minecraft:anvil":87,"minecraft:red_nether_brick_slab":19,"minecraft:hopper":11,"minecraft:prismarine_bricks":110,"minecraft:spruce_stairs":136,"minecraft:cobblestone_wall":22,"minecraft:stone_stairs":5,"minecraft:nether_brick_slab":267,"minecraft:yellow_carpet":5,"minecraft:light_gray_glazed_terracotta":47,"minecraft:oak_wood":167,"minecraft:spruce_fence":33,"minecraft:jungle_trapdoor":6,"minecraft:granite":15,"minecraft:warped_pressure_plate":17,"minecraft:light_blue_stained_glass":39,"minecraft:blue_concrete":11,"minecraft:nether_brick_stairs":71,"minecraft:polished_diorite":575,"minecraft:purple_banner":30,"minecraft:andesite_wall":231,"minecraft:birch_door":1,"minecraft:stone_brick_slab":5,"minecraft:dark_oak_planks":175,"minecraft:sea_lantern":1105,"minecraft:bookshelf":153,"minecraft:light_gray_stained_glass":44,"minecraft:iron_block":369,"minecraft:oak_stairs":223,"minecraft:spruce_button":2,"minecraft:smooth_sandstone":2647,"minecraft:acacia_slab":21,"minecraft:jungle_log":1,"minecraft:smooth_quartz":6872,"minecraft:prismarine_slab":6,"minecraft:crimson_planks":2,"minecraft:barrel":502,"minecraft:light_gray_wool":46,"minecraft:tripwire_hook":79,"minecraft:basalt":7,"minecraft:purple_concrete":12,"minecraft:glowstone":59,"minecraft:lime_concrete":13,"minecraft:warped_stairs":59,"minecraft:soul_soil":3,"minecraft:magenta_wool":2,"minecraft:iron_trapdoor":275,"minecraft:white_stained_glass_pane":2,"minecraft:podzol":69,"minecraft:trapped_chest":9,"minecraft:acacia_wood":1,"minecraft:cyan_banner":607,"minecraft:stone_pressure_plate":104,"minecraft:observer":257,"minecraft:orange_terracotta":6,"minecraft:quartz_bricks":26,"minecraft:water_bucket":18,"minecraft:iron_ore":1,"minecraft:sandstone_stairs":1,"minecraft:snow_block":255,"minecraft:lodestone":21,"minecraft:prismarine_brick_slab":8,"minecraft:birch_planks":113,"minecraft:polished_andesite":267,"minecraft:red_nether_bricks":5,"minecraft:blue_wool":10,"minecraft:andesite_slab":177,"minecraft:smooth_sandstone_slab":137,"minecraft:cut_sandstone":82,"minecraft:spruce_sign":11,"minecraft:cauldron":52,"minecraft:cracked_stone_bricks":37,"minecraft:vine":50,"minecraft:rail":13,"minecraft:orange_carpet":7,"minecraft:polished_blackstone_pressure_plate":7,"minecraft:mossy_cobblestone":2,"minecraft:stripped_dark_oak_log":26,"minecraft:terracotta":10,"minecraft:light_gray_banner":34,"minecraft:lime_terracotta":6,"minecraft:comparator":7,"minecraft:oak_slab":41,"minecraft:dark_prismarine_slab":14,"minecraft:birch_sign":166,"minecraft:campfire":2,"minecraft:white_bed":93,"minecraft:painting":92,"minecraft:magenta_carpet":65,"minecraft:smooth_red_sandstone_stairs":1,"minecraft:spruce_log":58,"minecraft:smoker":7,"minecraft:cake":1,"minecraft:warped_planks":6,"minecraft:dark_oak_door":20,"minecraft:flower_pot":18,"minecraft:netherite_block":28,"minecraft:black_wool":4,"minecraft:oak_log":31,"minecraft:piston":14,"minecraft:dark_prismarine":398,"minecraft:cornflower":27,"minecraft:acacia_stairs":25,"minecraft:apple":1,"minecraft:oxeye_daisy":26,"minecraft:acacia_sign":1,"minecraft:command_block":340,"minecraft:sunflower":1,"minecraft:oak_button":1,"minecraft:netherite_axe":16,"minecraft:spruce_pressure_plate":3,"minecraft:stone_slab":6,"minecraft:spruce_trapdoor":446,"minecraft:yellow_wool":1,"minecraft:blue_carpet":66,"minecraft:crimson_sign":3,"minecraft:magenta_banner":1,"minecraft:chiseled_stone_bricks":337,"minecraft:cobblestone":54,"minecraft:potion":43,"minecraft:crimson_stairs":22,"minecraft:white_banner":1,"minecraft:andesite_stairs":4,"minecraft:red_banner":3,"minecraft:chain_command_block":172,"minecraft:glass_pane":62,"minecraft:repeating_command_block":44,"minecraft:polished_blackstone_button":4,"minecraft:wither_rose":1,"minecraft:stripped_oak_log":77,"minecraft:gray_wool":1,"minecraft:smooth_stone":2156,"minecraft:splash_potion":12,"minecraft:birch_stairs":5},"minecraft:mined":{"minecraft:dark_oak_leaves":12},"minecraft:dropped":{"minecraft:chest_minecart":1,"minecraft:ice":7,"minecraft:stone_button":5,"minecraft:writable_book":1,"minecraft:nether_brick":1,"minecraft:trident":1,"minecraft:heavy_weighted_pressure_plate":1,"minecraft:oak_wood":1,"minecraft:chest":2,"minecraft:written_book":1,"minecraft:barrier":7,"minecraft:command_block":4,"minecraft:grass_block":8,"minecraft:turtle_egg":1,"minecraft:smooth_red_sandstone":1,"minecraft:wooden_axe":2,"minecraft:potion":1,"minecraft:smooth_stone":1,"minecraft:tripwire_hook":2,"minecraft:redstone":4,"minecraft:snow_block":2,"minecraft:player_head":21,"minecraft:nether_bricks":1,"minecraft:debug_stick":1,"minecraft:orange_wool":33,"minecraft:filled_map":4,"minecraft:barrel":6},"minecraft:custom":{"minecraft:interact_with_crafting_table":2,"minecraft:open_barrel":958,"minecraft:open_shulker_box":27,"minecraft:leave_game":62,"minecraft:time_since_death":152066,"minecraft:sprint_one_cm":4799730,"minecraft:drop":120,"minecraft:talked_to_villager":306,"minecraft:deaths":23,"minecraft:jump":36606,"minecraft:walk_on_water_one_cm":125996,"minecraft:interact_with_furnace":22,"minecraft:traded_with_villager":4,"minecraft:play_one_minute":6281694,"minecraft:interact_with_loom":5,"minecraft:damage_dealt":43894,"minecraft:crouch_one_cm":144347,"minecraft:interact_with_smoker":167,"minecraft:inspect_dispenser":165,"minecraft:interact_with_smithing_table":2,"minecraft:mob_kills":225,"minecraft:interact_with_anvil":152,"minecraft:inspect_hopper":103,"minecraft:fill_cauldron":19,"minecraft:climb_one_cm":48246,"minecraft:walk_one_cm":7782268,"minecraft:sneak_time":174114,"minecraft:walk_under_water_one_cm":18399,"minecraft:boat_one_cm":13523,"minecraft:interact_with_blast_furnace":64,"minecraft:tune_noteblock":179,"minecraft:pot_flower":50,"minecraft:time_since_rest":152090,"minecraft:damage_taken":2627,"minecraft:trigger_trapped_chest":57,"minecraft:swim_one_cm":39547,"minecraft:fly_one_cm":54489676,"minecraft:open_chest":366,"minecraft:aviate_one_cm":131719,"minecraft:fall_one_cm":109484},"minecraft:killed":{"minecraft:zombified_piglin":1,"minecraft:cat":20,"minecraft:zombie_villager":1,"minecraft:salmon":2,"minecraft:iron_golem":2,"minecraft:creeper":7,"minecraft:wandering_trader":1,"minecraft:villager":191},"minecraft:crafted":{"minecraft:turtle_egg":4,"minecraft:leather_chestplate":1,"minecraft:leather_leggings":1,"minecraft:leather_boots":1},"minecraft:picked_up":{"minecraft:wooden_axe":6,"minecraft:command_block_minecart":2,"minecraft:flower_pot":1,"minecraft:iron_trapdoor":3,"minecraft:anvil":4,"minecraft:magenta_carpet":1,"minecraft:lead":4,"minecraft:diamond_sword":1,"minecraft:potion":6,"minecraft:wither_rose":1,"minecraft:turtle_egg":6,"minecraft:enchanted_book":1,"minecraft:stone_brick_stairs":1,"minecraft:nether_brick":1,"minecraft:cod_bucket":1,"minecraft:string":1,"minecraft:dark_oak_pressure_plate":1,"minecraft:dark_oak_trapdoor":3,"minecraft:soul_soil":1,"minecraft:iron_leggings":1,"minecraft:armor_stand":2,"minecraft:oak_sign":6,"minecraft:gold_nugget":1,"minecraft:smooth_stone":5,"minecraft:spruce_planks":1,"minecraft:light_weighted_pressure_plate":1,"minecraft:redstone_torch":2,"minecraft:written_book":48,"minecraft:smooth_quartz":2,"minecraft:smooth_quartz_stairs":2,"minecraft:blue_wool":1,"minecraft:crimson_pressure_plate":1,"minecraft:spruce_stairs":2,"minecraft:torch":2,"minecraft:snow_block":3,"minecraft:porkchop":1,"minecraft:netherite_shovel":1,"minecraft:diorite":84,"minecraft:warped_button":1,"minecraft:light_gray_banner":1,"minecraft:yellow_concrete_powder":1,"minecraft:green_terracotta":2,"minecraft:cauldron":1,"minecraft:rotten_flesh":1,"minecraft:command_block":13,"minecraft:iron_block":2,"minecraft:end_rod":2,"minecraft:glowstone":2,"minecraft:green_wool":1,"minecraft:leather_horse_armor":2,"minecraft:iron_bars":5,"minecraft:snowball":1,"minecraft:barrier":12,"minecraft:leather_chestplate":5,"minecraft:repeater":2,"minecraft:iron_door":4,"minecraft:andesite":3,"minecraft:water_bucket":1,"minecraft:jungle_log":64,"minecraft:acacia_leaves":1,"minecraft:green_concrete_powder":3,"minecraft:beacon":1,"minecraft:potato":61,"minecraft:flint":1,"minecraft:stripped_spruce_wood":1,"minecraft:prismarine_bricks":1,"minecraft:stripped_birch_log":1,"minecraft:dirt":1,"minecraft:lantern":1,"minecraft:leather_boots":7,"minecraft:jigsaw":1,"minecraft:chipped_anvil":3,"minecraft:bow":5,"minecraft:dark_oak_sign":1,"minecraft:mossy_stone_bricks":1,"minecraft:oak_planks":9,"minecraft:debug_stick":4,"minecraft:sand":2,"minecraft:grass_block":13,"minecraft:lily_of_the_valley":1,"minecraft:shulker_box":1,"minecraft:dark_oak_log":1,"minecraft:trapped_chest":2,"minecraft:barrel":13,"minecraft:mossy_cobblestone":1,"minecraft:orange_wool":46,"minecraft:dark_prismarine":1,"minecraft:light_gray_concrete":1,"minecraft:polished_andesite":4,"minecraft:dispenser":6,"minecraft:diamond":1,"minecraft:black_concrete":1,"minecraft:slime_block":2,"minecraft:writable_book":8,"minecraft:lever":13,"minecraft:polished_blackstone_button":1,"minecraft:spruce_button":1,"minecraft:granite":1,"minecraft:blue_ice":1,"minecraft:bone_meal":3,"minecraft:grass":1,"minecraft:white_concrete":1,"minecraft:spruce_sign":2,"minecraft:bread":60,"minecraft:oak_sapling":1,"minecraft:purple_wool":1,"minecraft:stripped_warped_hyphae":1,"minecraft:chest_minecart":1,"minecraft:structure_block":1,"minecraft:brown_mushroom":1,"minecraft:conduit":1,"minecraft:shield":4,"minecraft:heavy_weighted_pressure_plate":3,"minecraft:acacia_door":26,"minecraft:netherite_scrap":1,"minecraft:white_stained_glass":2,"minecraft:item_frame":150,"minecraft:birch_fence":1,"minecraft:magenta_wool":1,"minecraft:blue_orchid":1,"minecraft:netherite_sword":4,"minecraft:andesite_stairs":1,"minecraft:player_head":2074,"minecraft:poppy":1,"minecraft:chest":2,"minecraft:spruce_trapdoor":3,"minecraft:sandstone":1,"minecraft:red_stained_glass_pane":1,"minecraft:spruce_fence":1,"minecraft:quartz_pillar":1,"minecraft:stone_button":10,"minecraft:cookie":61,"minecraft:trident":1,"minecraft:carrot":123,"minecraft:redstone":12,"minecraft:cyan_shulker_box":1,"minecraft:stone_pressure_plate":1,"minecraft:purple_terracotta":1,"minecraft:smooth_sandstone_slab":1,"minecraft:polished_granite_stairs":1,"minecraft:repeating_command_block":19,"minecraft:weeping_vines":1,"minecraft:pumpkin_pie":65,"minecraft:peony":1,"minecraft:saddle":5,"minecraft:polished_blackstone":2,"minecraft:purple_dye":122,"minecraft:clock":1,"minecraft:smooth_red_sandstone":1,"minecraft:tripwire_hook":2,"minecraft:yellow_dye":1,"minecraft:filled_map":25,"minecraft:ice":72,"minecraft:bedrock":1,"minecraft:purpur_stairs":1,"minecraft:lily_pad":1,"minecraft:paper":2291,"minecraft:podzol":4,"minecraft:red_carpet":16,"minecraft:apple":1,"minecraft:stone_bricks":3,"minecraft:cobweb":160,"minecraft:book":21,"minecraft:scaffolding":5,"minecraft:polished_andesite_stairs":1,"minecraft:nether_quartz_ore":1,"minecraft:warped_fungus":1,"minecraft:chain_command_block":17,"minecraft:emerald_block":1,"minecraft:light_gray_stained_glass":2,"minecraft:sweet_berries":59,"minecraft:gravel":9,"minecraft:grass_path":1,"minecraft:spruce_log":1,"minecraft:spruce_door":5,"minecraft:sea_lantern":3,"minecraft:spider_eye":44,"minecraft:leather_helmet":10,"minecraft:polished_diorite_stairs":2,"minecraft:oak_wood":1,"minecraft:white_concrete_powder":1,"minecraft:campfire":1,"minecraft:polished_diorite":5,"minecraft:honey_block":1,"minecraft:painting":11,"minecraft:warped_nylium":1,"minecraft:red_concrete":1,"minecraft:hopper":1}},"DataVersion":2586}