{"stats":{"minecraft:dropped":{"minecraft:clay":2,"minecraft:repeating_command_block":20,"minecraft:diamond":1,"minecraft:dark_oak_button":1,"minecraft:cracked_stone_bricks":1,"minecraft:saddle":5,"minecraft:quartz_pillar":3,"minecraft:rail":1,"minecraft:leather_helmet":1,"minecraft:item_frame":4,"minecraft:light_weighted_pressure_plate":2,"minecraft:dirt":1,"minecraft:stone_button":6,"minecraft:dark_oak_trapdoor":2,"minecraft:chain":2,"minecraft:writable_book":1,"minecraft:bone_meal":2,"minecraft:sand":4,"minecraft:purple_wool":1,"minecraft:white_wool":1,"minecraft:note_block":2,"minecraft:emerald_block":1,"minecraft:lever":4,"minecraft:netherite_sword":9,"minecraft:blue_wool":1,"minecraft:stripped_dark_oak_log":2,"minecraft:oak_planks":1,"minecraft:light_gray_carpet":1,"minecraft:yellow_stained_glass_pane":3,"minecraft:sea_lantern":5,"minecraft:heavy_weighted_pressure_plate":4,"minecraft:diorite_wall":1,"minecraft:hopper":1,"minecraft:leather_boots":1,"minecraft:ladder":2,"minecraft:spruce_slab":2,"minecraft:red_nether_bricks":3,"minecraft:campfire":1,"minecraft:podzol":5,"minecraft:stone_brick_stairs":2,"minecraft:birch_leaves":1,"minecraft:barrier":21,"minecraft:cobblestone":2,"minecraft:book":1,"minecraft:command_block":20,"minecraft:spruce_door":1,"minecraft:polished_andesite":8,"minecraft:cobweb":4,"minecraft:iron_trapdoor":3,"minecraft:wooden_axe":8,"minecraft:potion":1,"minecraft:smooth_sandstone_slab":2,"minecraft:smooth_stone":30,"minecraft:smooth_sandstone":6,"minecraft:paper":2,"minecraft:string":3,"minecraft:acacia_planks":1,"minecraft:stone_brick_slab":1,"minecraft:snow_block":9,"minecraft:bricks":5,"minecraft:creeper_head":1,"minecraft:zombie_spawn_egg":1,"minecraft:green_terracotta":10,"minecraft:player_head":280,"minecraft:smooth_stone_slab":2,"minecraft:sticky_piston":2,"minecraft:grass_path":1,"minecraft:name_tag":1,"minecraft:nether_bricks":2,"minecraft:light_gray_concrete":1,"minecraft:white_terracotta":2,"minecraft:light_blue_concrete":8,"minecraft:debug_stick":4,"minecraft:orange_wool":28,"minecraft:oak_sign":9,"minecraft:diamond_sword":1,"minecraft:potato":2,"minecraft:hay_block":1,"minecraft:flower_pot":1,"minecraft:spruce_trapdoor":1,"minecraft:spruce_planks":1,"minecraft:redstone_torch":3,"minecraft:stone_pressure_plate":3,"minecraft:stone_bricks":7,"minecraft:barrel":1,"minecraft:sandstone":3,"minecraft:bow":1,"minecraft:green_concrete_powder":5,"minecraft:stripped_spruce_wood":1,"minecraft:dark_prismarine":2,"minecraft:spruce_sign":1,"minecraft:birch_planks":2,"minecraft:oak_log":1,"minecraft:lantern":1,"minecraft:bedrock":5,"minecraft:structure_void":1,"minecraft:stripped_warped_hyphae":2,"minecraft:redstone_lamp":3,"minecraft:dark_oak_log":2,"minecraft:packed_ice":1,"minecraft:ice":8,"minecraft:dispenser":8,"minecraft:cut_sandstone":2,"minecraft:black_concrete":1,"minecraft:gravel":1,"minecraft:lime_wool":1,"minecraft:prismarine":3,"minecraft:cyan_shulker_box":1,"minecraft:acacia_stairs":1,"minecraft:chiseled_stone_bricks":3,"minecraft:oak_wood":1,"minecraft:dropper":1,"minecraft:chest":4,"minecraft:iron_bars":7,"minecraft:prismarine_bricks":3,"minecraft:chain_command_block":43,"minecraft:scaffolding":1,"minecraft:white_concrete_powder":1,"minecraft:oak_leaves":2,"minecraft:magenta_wool":1,"minecraft:polished_granite":3,"minecraft:purple_terracotta":3,"minecraft:oak_slab":1,"minecraft:lead":1,"minecraft:andesite_wall":1,"minecraft:observer":1,"minecraft:light_blue_concrete_powder":2,"minecraft:spruce_stairs":2,"minecraft:grass_block":37,"minecraft:iron_block":1,"minecraft:diorite":85,"minecraft:light_blue_stained_glass":1,"minecraft:repeater":4,"minecraft:white_concrete":3,"minecraft:smooth_quartz":23,"minecraft:iron_door":9,"minecraft:light_gray_stained_glass":2,"minecraft:jungle_leaves":3,"minecraft:tripwire_hook":1,"minecraft:redstone_block":1,"minecraft:redstone":6,"minecraft:polished_diorite":7,"minecraft:red_concrete":1,"minecraft:anvil":7,"minecraft:dark_prismarine_stairs":1,"minecraft:coarse_dirt":7,"minecraft:light_gray_wool":1,"minecraft:comparator":1,"minecraft:green_concrete":7,"minecraft:totem_of_undying":1,"minecraft:prismarine_stairs":1,"minecraft:flint_and_steel":1,"minecraft:red_nether_brick_stairs":1,"minecraft:filled_map":3,"minecraft:snow":1,"minecraft:orange_terracotta":2,"minecraft:netherite_block":1,"minecraft:andesite":1,"minecraft:mossy_stone_bricks":3,"minecraft:blue_ice":1,"minecraft:dead_brain_coral_block":2,"minecraft:white_stained_glass":5},"minecraft:killed":{"minecraft:shulker":2,"minecraft:guardian":1,"minecraft:cat":12,"minecraft:salmon":13,"minecraft:zombie":9,"minecraft:endermite":1,"minecraft:wandering_trader":5,"minecraft:wolf":2,"minecraft:villager":189},"minecraft:crafted":{"minecraft:lever":1,"minecraft:emerald":8,"minecraft:saddle":11,"minecraft:leather_leggings":14,"minecraft:leather_helmet":12,"minecraft:leather_horse_armor":7,"minecraft:leather_chestplate":15,"minecraft:leather_boots":17,"minecraft:sugar":4,"minecraft:air":0},"minecraft:custom":{"minecraft:interact_with_crafting_table":4,"minecraft:open_barrel":1374,"minecraft:bell_ring":35,"minecraft:leave_game":67,"minecraft:time_since_death":71003,"minecraft:deaths":10,"minecraft:jump":10773,"minecraft:interact_with_furnace":47,"minecraft:traded_with_villager":76,"minecraft:sleep_in_bed":4,"minecraft:damage_dealt":41953,"minecraft:interact_with_smoker":34,"minecraft:inspect_dispenser":358,"minecraft:interact_with_smithing_table":3,"minecraft:inspect_dropper":2,"minecraft:interact_with_anvil":221,"minecraft:inspect_hopper":160,"minecraft:sneak_time":234269,"minecraft:interact_with_blast_furnace":29,"minecraft:tune_noteblock":282,"minecraft:interact_with_stonecutter":1,"minecraft:time_since_rest":71027,"minecraft:swim_one_cm":8876,"minecraft:fly_one_cm":31277635,"minecraft:open_chest":459,"minecraft:fall_one_cm":32123,"minecraft:open_shulker_box":42,"minecraft:sprint_one_cm":2419485,"minecraft:drop":972,"minecraft:talked_to_villager":994,"minecraft:interact_with_brewingstand":2,"minecraft:walk_on_water_one_cm":184543,"minecraft:play_one_minute":5917127,"minecraft:open_enderchest":1,"minecraft:player_kills":1,"minecraft:crouch_one_cm":495177,"minecraft:mob_kills":235,"minecraft:fill_cauldron":6,"minecraft:climb_one_cm":40663,"minecraft:walk_one_cm":11215494,"minecraft:walk_under_water_one_cm":107527,"minecraft:pot_flower":171,"minecraft:damage_taken":1142,"minecraft:trigger_trapped_chest":110,"minecraft:minecart_one_cm":1000,"minecraft:aviate_one_cm":502443},"minecraft:picked_up":{"minecraft:wooden_axe":2,"minecraft:creeper_head":1,"minecraft:anvil":5,"minecraft:lead":3,"minecraft:diamond_sword":1,"minecraft:red_nether_bricks":2,"minecraft:beetroot_soup":1,"minecraft:written_book":1,"minecraft:warped_button":1,"minecraft:command_block":1,"minecraft:iron_block":2,"minecraft:blaze_rod":1,"minecraft:iron_bars":17,"minecraft:barrier":16,"minecraft:iron_door":7,"minecraft:water_bucket":1,"minecraft:smoker":1,"minecraft:stripped_spruce_wood":1,"minecraft:lantern":9,"minecraft:rabbit":576,"minecraft:debug_stick":2,"minecraft:dropper":1,"minecraft:structure_void":1,"minecraft:trapped_chest":1,"minecraft:barrel":3,"minecraft:polished_andesite":1,"minecraft:dispenser":8,"minecraft:lever":14,"minecraft:writable_book":2,"minecraft:dead_brain_coral_block":1,"minecraft:spruce_button":1,"minecraft:bricks":1,"minecraft:leather_leggings":10,"minecraft:redstone_lamp":1,"minecraft:heavy_weighted_pressure_plate":6,"minecraft:netherite_sword":4,"minecraft:beef":576,"minecraft:spruce_slab":2,"minecraft:chest":71,"minecraft:black_stained_glass":1,"minecraft:redstone":4,"minecraft:repeating_command_block":6,"minecraft:mutton":576,"minecraft:rail":2,"minecraft:tripwire_hook":4,"minecraft:fern":1,"minecraft:filled_map":27,"minecraft:paper":161,"minecraft:spawner":1,"minecraft:stone_bricks":1,"minecraft:apple":2,"minecraft:cobweb":117,"minecraft:iron_sword":1,"minecraft:chain_command_block":4,"minecraft:light_gray_stained_glass":1,"minecraft:sea_lantern":4,"minecraft:dragon_egg":1,"minecraft:leather_helmet":12,"minecraft:firework_rocket":1,"minecraft:polished_diorite":3,"minecraft:painting":11,"minecraft:birch_sign":1,"minecraft:hopper":1,"minecraft:prismarine_stairs":1,"minecraft:light_blue_concrete":2,"minecraft:redstone_block":1,"minecraft:potion":6,"minecraft:turtle_egg":3,"minecraft:nether_brick":1,"minecraft:stone_brick_stairs":2,"minecraft:oak_sign":14,"minecraft:smooth_stone":7,"minecraft:smooth_quartz":1,"minecraft:furnace":1,"minecraft:snow_block":1,"minecraft:villager_spawn_egg":1,"minecraft:diorite":1,"minecraft:light_gray_banner":1,"minecraft:yellow_concrete_powder":1,"minecraft:andesite_wall":1,"minecraft:nether_gold_ore":4,"minecraft:rotten_flesh":4,"minecraft:leather_horse_armor":5,"minecraft:cod":576,"minecraft:cobblestone":1,"minecraft:leather_chestplate":8,"minecraft:repeater":1,"minecraft:prismarine_bricks":1,"minecraft:polished_granite":3,"minecraft:name_tag":1,"minecraft:leather_boots":12,"minecraft:cooked_porkchop":1,"minecraft:nether_brick_stairs":1,"minecraft:grass_block":16,"minecraft:dead_bush":1,"minecraft:orange_wool":15,"minecraft:jungle_leaves":1,"minecraft:yellow_stained_glass_pane":2,"minecraft:bone_meal":5,"minecraft:spruce_sign":2,"minecraft:emerald":43,"minecraft:oak_sapling":1,"minecraft:chicken":512,"minecraft:ladder":1,"minecraft:packed_ice":1,"minecraft:iron_axe":1,"minecraft:item_frame":113,"minecraft:dark_prismarine_stairs":1,"minecraft:player_head":172,"minecraft:quartz_pillar":2,"minecraft:stone_button":9,"minecraft:cookie":1,"minecraft:stone_pressure_plate":1,"minecraft:smooth_sandstone_slab":1,"minecraft:pumpkin_pie":1,"minecraft:saddle":15,"minecraft:purple_dye":64,"minecraft:salmon":576,"minecraft:ice":66,"minecraft:bedrock":3,"minecraft:red_carpet":10,"minecraft:cooked_mutton":1,"minecraft:podzol":1,"minecraft:smooth_sandstone":3,"minecraft:red_nether_brick_stairs":1,"minecraft:polished_andesite_slab":1,"minecraft:book":1,"minecraft:scaffolding":8,"minecraft:chiseled_stone_bricks":65,"minecraft:blast_furnace":1,"minecraft:spider_eye":8,"minecraft:spruce_door":19,"minecraft:stripped_jungle_log":1,"minecraft:red_concrete":1},"minecraft:used":{"minecraft:writable_book":19,"minecraft:polished_granite_stairs":11,"minecraft:cut_red_sandstone_slab":1,"minecraft:smooth_quartz_slab":237,"minecraft:spruce_slab":143,"minecraft:dispenser":170,"minecraft:polished_blackstone":253,"minecraft:ladder":70,"minecraft:black_carpet":4,"minecraft:chest":253,"minecraft:stone":16,"minecraft:warped_sign":42,"minecraft:red_nether_brick_stairs":29,"minecraft:quartz_stairs":182,"minecraft:chiseled_red_sandstone":48,"minecraft:soul_sand":4,"minecraft:brick_slab":39,"minecraft:jungle_slab":59,"minecraft:orange_wool":23,"minecraft:acacia_button":8,"minecraft:stripped_spruce_log":74,"minecraft:polished_blackstone_slab":136,"minecraft:packed_ice":40,"minecraft:honey_block":1,"minecraft:lava_bucket":10,"minecraft:netherite_shovel":40,"minecraft:stripped_dark_oak_wood":44,"minecraft:quartz_pillar":2075,"minecraft:villager_spawn_egg":23,"minecraft:jungle_fence_gate":2,"minecraft:red_wool":12,"minecraft:grass_block":566,"minecraft:birch_sapling":6,"minecraft:polished_andesite_stairs":138,"minecraft:quartz_block":108,"minecraft:dark_oak_leaves":68,"minecraft:dark_oak_slab":35,"minecraft:dark_oak_button":9,"minecraft:diorite_wall":413,"minecraft:stone_brick_stairs":268,"minecraft:infested_mossy_stone_bricks":2,"minecraft:bow":30,"minecraft:snow":176,"minecraft:sweet_berries":2,"minecraft:guardian_spawn_egg":1,"minecraft:oak_sapling":1,"minecraft:yellow_glazed_terracotta":2,"minecraft:furnace":6,"minecraft:acacia_fence":1,"minecraft:end_stone_brick_stairs":34,"minecraft:brown_concrete_powder":33,"minecraft:dark_prismarine_stairs":104,"minecraft:light_blue_carpet":19,"minecraft:mossy_stone_bricks":82,"minecraft:diorite":346,"minecraft:end_stone_bricks":4,"minecraft:spruce_door":27,"minecraft:brick_wall":24,"minecraft:stripped_birch_log":163,"minecraft:acacia_trapdoor":14,"minecraft:blackstone_stairs":48,"minecraft:prismarine":485,"minecraft:blackstone":35,"minecraft:mossy_stone_brick_stairs":20,"minecraft:jungle_pressure_plate":6,"minecraft:composter":30,"minecraft:clay":156,"minecraft:purpur_pillar":38,"minecraft:smooth_quartz_stairs":219,"minecraft:oak_leaves":158,"minecraft:dark_oak_trapdoor":190,"minecraft:purpur_stairs":9,"minecraft:sand":124,"minecraft:cut_sandstone_slab":80,"minecraft:blast_furnace":12,"minecraft:smooth_red_sandstone":55,"minecraft:blue_ice":95,"minecraft:acacia_leaves":9,"minecraft:chiseled_quartz_block":124,"minecraft:purple_terracotta":346,"minecraft:gray_concrete":10,"minecraft:black_concrete_powder":47,"minecraft:red_sandstone_wall":86,"minecraft:birch_fence":18,"minecraft:red_sandstone":3,"minecraft:chiseled_sandstone":7,"minecraft:crying_obsidian":10,"minecraft:birch_slab":6,"minecraft:cyan_carpet":44,"minecraft:stone_button":379,"minecraft:lectern":1,"minecraft:red_terracotta":125,"minecraft:polished_granite":294,"minecraft:oak_pressure_plate":1,"minecraft:cut_red_sandstone":20,"minecraft:polished_andesite_slab":65,"minecraft:soul_lantern":9,"minecraft:coal_block":20,"minecraft:diamond_sword":22,"minecraft:wooden_sword":1,"minecraft:smithing_table":16,"minecraft:dark_oak_fence":17,"minecraft:white_stained_glass":301,"minecraft:green_concrete_powder":45,"minecraft:birch_log":18,"minecraft:ice":265,"minecraft:purple_wool":30,"minecraft:diorite_slab":172,"minecraft:diorite_stairs":200,"minecraft:oak_trapdoor":194,"minecraft:stripped_acacia_wood":4,"minecraft:iron_bars":878,"minecraft:acacia_log":141,"minecraft:orange_concrete":75,"minecraft:dead_bush":1,"minecraft:armor_stand":13,"minecraft:red_concrete":216,"minecraft:light_gray_carpet":89,"minecraft:stripped_warped_stem":15,"minecraft:polished_blackstone_wall":22,"minecraft:sandstone_wall":59,"minecraft:structure_block":21,"minecraft:netherrack":7,"minecraft:orange_stained_glass":43,"minecraft:orange_bed":3,"minecraft:torch":19,"minecraft:light_gray_shulker_box":2,"minecraft:brewing_stand":2,"minecraft:anvil":130,"minecraft:ancient_debris":9,"minecraft:chorus_flower":4,"minecraft:nether_quartz_ore":1,"minecraft:stone_stairs":74,"minecraft:nether_brick_slab":92,"minecraft:yellow_carpet":81,"minecraft:jungle_trapdoor":101,"minecraft:dead_brain_coral_block":2,"minecraft:blue_concrete":4,"minecraft:nether_brick_stairs":106,"minecraft:oak_fence_gate":6,"minecraft:polished_diorite":1263,"minecraft:sea_lantern":2701,"minecraft:chipped_anvil":5,"minecraft:cyan_shulker_box":6,"minecraft:iron_axe":5,"minecraft:iron_block":284,"minecraft:light_weighted_pressure_plate":16,"minecraft:slime_block":3,"minecraft:brick_stairs":67,"minecraft:spruce_button":1,"minecraft:warped_fence":21,"minecraft:jungle_log":2,"minecraft:spawner":2,"minecraft:smooth_quartz":5613,"minecraft:barrel":353,"minecraft:prismarine_slab":79,"minecraft:basalt":43,"minecraft:tripwire_hook":111,"minecraft:purple_concrete":2,"minecraft:glowstone":204,"minecraft:lime_concrete":21,"minecraft:warped_stairs":67,"minecraft:magenta_wool":5,"minecraft:iron_trapdoor":1350,"minecraft:podzol":251,"minecraft:acacia_wood":1,"minecraft:trapped_chest":15,"minecraft:crimson_pressure_plate":4,"minecraft:acacia_planks":43,"minecraft:observer":1359,"minecraft:orange_terracotta":24,"minecraft:water_bucket":163,"minecraft:sandstone_stairs":89,"minecraft:prismarine_brick_slab":36,"minecraft:birch_planks":257,"minecraft:lime_wool":6,"minecraft:smooth_sandstone_slab":230,"minecraft:cauldron":186,"minecraft:spruce_fence_gate":1,"minecraft:cracked_stone_bricks":71,"minecraft:polished_blackstone_bricks":4,"minecraft:pink_concrete":7,"minecraft:mossy_cobblestone":57,"minecraft:diamond_block":3,"minecraft:lime_terracotta":25,"minecraft:orange_carpet":22,"minecraft:light_gray_banner":129,"minecraft:rail":54,"minecraft:comparator":14,"minecraft:vine":176,"minecraft:oak_slab":45,"minecraft:crafting_table":5,"minecraft:red_bed":4,"minecraft:birch_sign":368,"minecraft:campfire":52,"minecraft:white_bed":99,"minecraft:endermite_spawn_egg":1,"minecraft:cake":1,"minecraft:spruce_log":122,"minecraft:oak_log":424,"minecraft:dark_prismarine":617,"minecraft:warped_trapdoor":30,"minecraft:acacia_sign":1,"minecraft:stripped_jungle_log":27,"minecraft:sunflower":25,"minecraft:oak_button":5,"minecraft:spruce_pressure_plate":12,"minecraft:spruce_trapdoor":435,"minecraft:chiseled_stone_bricks":420,"minecraft:blue_carpet":26,"minecraft:crimson_sign":19,"minecraft:green_carpet":7,"minecraft:pink_bed":1,"minecraft:cobblestone":210,"minecraft:potion":2,"minecraft:crimson_stairs":21,"minecraft:andesite_stairs":47,"minecraft:glass_pane":29,"minecraft:repeating_command_block":317,"minecraft:stripped_oak_log":135,"minecraft:jukebox":4,"minecraft:light_blue_banner":28,"minecraft:blue_terracotta":32,"minecraft:red_sand":15,"minecraft:light_gray_stained_glass_pane":86,"minecraft:bone_block":14,"minecraft:oak_sign":821,"minecraft:polished_basalt":42,"minecraft:white_concrete_powder":84,"minecraft:white_terracotta":120,"minecraft:iron_sword":3,"minecraft:zombie_spawn_egg":3,"minecraft:creeper_head":2,"minecraft:stripped_jungle_wood":6,"minecraft:bell":2,"minecraft:grass":7,"minecraft:player_head":719,"minecraft:mossy_stone_brick_slab":9,"minecraft:smooth_sandstone_stairs":179,"minecraft:stripped_crimson_stem":3,"minecraft:green_terracotta":190,"minecraft:spruce_leaves":15,"minecraft:debug_stick":9386,"minecraft:soul_campfire":14,"minecraft:birch_pressure_plate":4,"minecraft:jungle_planks":24,"minecraft:nether_bricks":1697,"minecraft:prismarine_brick_stairs":33,"minecraft:carrot":3,"minecraft:beehive":240,"minecraft:cyan_wool":23,"minecraft:obsidian":12,"minecraft:red_sandstone_stairs":1,"minecraft:glass":253,"minecraft:crimson_button":1,"minecraft:cyan_terracotta":56,"minecraft:bricks":1173,"minecraft:quartz_slab":23,"minecraft:spruce_wood":20,"minecraft:lantern":114,"minecraft:green_wool":59,"minecraft:dark_oak_wood":20,"minecraft:hopper_minecart":22,"minecraft:stone_bricks":306,"minecraft:item_frame":1268,"minecraft:bedrock":5,"minecraft:birch_trapdoor":93,"minecraft:birch_button":2,"minecraft:golden_sword":8,"minecraft:red_nether_brick_wall":32,"minecraft:red_carpet":374,"minecraft:repeater":111,"minecraft:redstone_lamp":456,"minecraft:honeycomb_block":6,"minecraft:brown_carpet":158,"minecraft:written_book":11,"minecraft:hay_block":9,"minecraft:scaffolding":280,"minecraft:infested_cracked_stone_bricks":1,"minecraft:jungle_button":1,"minecraft:polished_diorite_stairs":57,"minecraft:gold_block":24,"minecraft:skeleton_skull":25,"minecraft:polished_blackstone_stairs":189,"minecraft:large_fern":15,"minecraft:stripped_spruce_wood":160,"minecraft:chiseled_polished_blackstone":2,"minecraft:dark_oak_stairs":471,"minecraft:end_rod":49,"minecraft:dropper":2,"minecraft:birch_leaves":149,"minecraft:gray_carpet":11,"minecraft:dark_oak_sign":43,"minecraft:prismarine_stairs":142,"minecraft:jungle_fence":4,"minecraft:oak_planks":27,"minecraft:birch_wood":1,"minecraft:sandstone":49,"minecraft:end_stone_brick_slab":21,"minecraft:redstone_block":47,"minecraft:structure_void":38,"minecraft:white_wool":81,"minecraft:infested_chiseled_stone_bricks":8,"minecraft:light_blue_concrete":247,"minecraft:light_blue_wool":6,"minecraft:black_banner":16,"minecraft:light_gray_terracotta":1,"minecraft:yellow_concrete":115,"minecraft:sponge":7,"minecraft:note_block":259,"minecraft:stone_brick_wall":526,"minecraft:shulker_spawn_egg":2,"minecraft:end_stone":3,"minecraft:redstone_torch":102,"minecraft:black_terracotta":77,"minecraft:sticky_piston":17,"minecraft:lever":110,"minecraft:green_concrete":97,"minecraft:black_concrete":448,"minecraft:firework_rocket":100,"minecraft:dark_oak_log":794,"minecraft:light_gray_concrete":72,"minecraft:lime_carpet":23,"minecraft:heavy_weighted_pressure_plate":441,"minecraft:barrier":858,"minecraft:cyan_bed":10,"minecraft:brown_wool":18,"minecraft:string":34,"minecraft:warped_slab":3,"minecraft:iron_door":774,"minecraft:prismarine_wall":128,"minecraft:gravel":116,"minecraft:blackstone_slab":7,"minecraft:stripped_warped_hyphae":398,"minecraft:jungle_sign":4,"minecraft:light_blue_concrete_powder":21,"minecraft:stripped_oak_wood":232,"minecraft:crimson_door":5,"minecraft:andesite":284,"minecraft:chain":34,"minecraft:mossy_cobblestone_wall":3,"minecraft:smooth_stone_slab":414,"minecraft:white_concrete":184,"minecraft:coarse_dirt":125,"minecraft:warped_button":40,"minecraft:chorus_plant":3,"minecraft:bone_meal":53,"minecraft:cobweb":299,"minecraft:oak_fence":35,"minecraft:purpur_block":1,"minecraft:netherite_sword":230,"minecraft:petrified_oak_slab":31,"minecraft:trident":273,"minecraft:jungle_leaves":261,"minecraft:rose_bush":1,"minecraft:flint_and_steel":54,"minecraft:redstone_ore":2,"minecraft:redstone":370,"minecraft:spruce_planks":523,"minecraft:ender_chest":1,"minecraft:brown_shulker_box":4,"minecraft:stripped_birch_wood":1,"minecraft:wooden_shovel":1,"minecraft:dried_kelp_block":5,"minecraft:oak_door":18,"minecraft:end_stone_brick_wall":8,"minecraft:dirt":147,"minecraft:red_nether_brick_slab":68,"minecraft:white_carpet":14,"minecraft:hopper":19,"minecraft:prismarine_bricks":279,"minecraft:spruce_stairs":541,"minecraft:cobblestone_wall":36,"minecraft:warped_door":4,"minecraft:oak_wood":37,"minecraft:pink_carpet":2,"minecraft:warped_pressure_plate":9,"minecraft:spruce_fence":106,"minecraft:granite":19,"minecraft:light_blue_stained_glass":139,"minecraft:andesite_wall":405,"minecraft:birch_door":2,"minecraft:purple_banner":7,"minecraft:stone_brick_slab":206,"minecraft:dark_oak_planks":211,"minecraft:bookshelf":184,"minecraft:light_gray_stained_glass":114,"minecraft:yellow_stained_glass":23,"minecraft:oak_stairs":433,"minecraft:smooth_sandstone":2763,"minecraft:acacia_slab":59,"minecraft:yellow_concrete_powder":83,"minecraft:light_gray_wool":273,"minecraft:black_stained_glass":29,"minecraft:emerald_block":12,"minecraft:soul_soil":4,"minecraft:white_stained_glass_pane":86,"minecraft:minecart":1,"minecraft:cyan_banner":308,"minecraft:stone_pressure_plate":151,"minecraft:dead_bubble_coral_block":22,"minecraft:mossy_stone_brick_wall":101,"minecraft:light_gray_bed":1,"minecraft:brown_bed":4,"minecraft:quartz_bricks":60,"minecraft:iron_ore":8,"minecraft:pink_tulip":25,"minecraft:jigsaw":2,"minecraft:cobblestone_stairs":61,"minecraft:lodestone":22,"minecraft:snow_block":365,"minecraft:polished_andesite":438,"minecraft:red_nether_bricks":204,"minecraft:blue_wool":5,"minecraft:andesite_slab":183,"minecraft:cut_sandstone":218,"minecraft:spruce_sign":59,"minecraft:stonecutter":7,"minecraft:chiseled_nether_bricks":4,"minecraft:cobblestone_slab":14,"minecraft:jungle_wood":2,"minecraft:polished_blackstone_pressure_plate":42,"minecraft:stripped_dark_oak_log":161,"minecraft:yellow_stained_glass_pane":1,"minecraft:light_gray_concrete_powder":12,"minecraft:nether_gold_ore":5,"minecraft:painting":175,"minecraft:magenta_carpet":24,"minecraft:infested_stone_bricks":55,"minecraft:smooth_red_sandstone_stairs":5,"minecraft:warped_planks":10,"minecraft:smoker":18,"minecraft:dark_oak_door":16,"minecraft:cyan_stained_glass":8,"minecraft:purple_stained_glass":63,"minecraft:piston":30,"minecraft:netherite_block":846,"minecraft:flower_pot":173,"minecraft:acacia_stairs":16,"minecraft:black_wool":15,"minecraft:command_block":487,"minecraft:map":1,"minecraft:jungle_stairs":69,"minecraft:cracked_nether_bricks":11,"minecraft:stone_slab":39,"minecraft:yellow_wool":3,"minecraft:magenta_banner":11,"minecraft:white_banner":30,"minecraft:bucket":16,"minecraft:jungle_door":2,"minecraft:chain_command_block":525,"minecraft:red_banner":11,"minecraft:pink_shulker_box":3,"minecraft:grass_path":52,"minecraft:polished_blackstone_button":76,"minecraft:sea_pickle":8,"minecraft:purple_carpet":42,"minecraft:smooth_stone":3524,"minecraft:splash_potion":49,"minecraft:birch_stairs":73}},"DataVersion":2586}