{"stats":{"minecraft:picked_up":{"minecraft:wooden_axe":2,"minecraft:debug_stick":3,"minecraft:purple_wool":1,"minecraft:chain_command_block":1,"minecraft:item_frame":6,"minecraft:netherite_sword":1,"minecraft:totem_of_undying":6},"minecraft:killed":{"minecraft:villager":8},"minecraft:custom":{"minecraft:time_since_rest":44433,"minecraft:sprint_one_cm":379678,"minecraft:damage_taken":720,"minecraft:walk_one_cm":398269,"minecraft:mob_kills":8,"minecraft:damage_dealt":1600,"minecraft:traded_with_villager":2,"minecraft:talked_to_villager":2,"minecraft:fly_one_cm":947689,"minecraft:open_barrel":3,"minecraft:open_chest":21,"minecraft:play_one_minute":144341,"minecraft:crouch_one_cm":169935,"minecraft:deaths":3,"minecraft:sneak_time":3889,"minecraft:jump":1402,"minecraft:leave_game":6,"minecraft:time_since_death":44405,"minecraft:climb_one_cm":7451},"minecraft:used":{"minecraft:oak_fence":9,"minecraft:netherite_sword":8,"minecraft:lever":1,"minecraft:sea_lantern":2,"minecraft:chiseled_sandstone":2,"minecraft:command_block":1,"minecraft:lantern":11,"minecraft:grass_block":9,"minecraft:oak_stairs":10,"minecraft:red_terracotta":2,"minecraft:cut_sandstone":13,"minecraft:oak_pressure_plate":11,"minecraft:iron_door":1,"minecraft:crimson_nylium":1,"minecraft:cracked_stone_bricks":8,"minecraft:debug_stick":36,"minecraft:polished_blackstone_pressure_plate":1,"minecraft:infested_mossy_stone_bricks":15,"minecraft:bow":2,"minecraft:sandstone_slab":10,"minecraft:smooth_stone_slab":1,"minecraft:stone_pressure_plate":3,"minecraft:stone_brick_wall":12,"minecraft:infested_stone_bricks":90,"minecraft:smooth_stone":58,"minecraft:red_sandstone_wall":1846,"minecraft:purple_wool":2,"minecraft:milk_bucket":2,"minecraft:polished_diorite":1},"minecraft:crafted":{"minecraft:turtle_egg":2}},"DataVersion":2580}