{"stats":{"minecraft:killed_by":{"minecraft:player":2},"minecraft:used":{"create:brass_casing":275,"minecraft:melon":2,"create:piston_extension_pole":25,"minecraft:polished_blackstone":2,"minecraft:dispenser":12,"minecraft:spruce_slab":7,"minecraft:ladder":140,"minecraft:oak_sign":46,"minecraft:chest":5,"minecraft:stone":173,"minecraft:white_shulker_box":11,"minecraft:warped_sign":2,"create:dark_scoria_pillar":1,"create:jungle_window":12,"minecraft:player_head":45,"minecraft:smooth_sandstone_stairs":11,"minecraft:farmland":1,"create:analog_lever":1,"create:mechanical_bearing":67,"minecraft:debug_stick":141,"minecraft:soul_sand":6,"create:paved_granite":10,"minecraft:blue_stained_glass":3,"minecraft:jungle_planks":11,"minecraft:nether_bricks":37,"minecraft:jungle_slab":4,"minecraft:orange_wool":18,"create:brown_seat":6,"create:scoria_pillar":1,"minecraft:cyan_wool":379,"minecraft:snowball":1584,"minecraft:stripped_spruce_log":37,"minecraft:milk_bucket":4,"minecraft:obsidian":493,"minecraft:glass":221,"minecraft:packed_ice":111,"minecraft:honey_block":275,"minecraft:lava_bucket":42,"minecraft:stripped_dark_oak_wood":2,"minecraft:coal_ore":1,"minecraft:quartz_pillar":14,"minecraft:villager_spawn_egg":6,"minecraft:warped_hyphae":1,"minecraft:quartz_slab":15,"minecraft:red_wool":7,"minecraft:spruce_wood":31,"minecraft:lantern":20,"minecraft:grass_block":976,"minecraft:quartz_block":130,"minecraft:green_wool":34,"minecraft:wet_sponge":68,"minecraft:warped_nylium":44,"minecraft:dark_oak_slab":51,"create:gabbro_pillar":1,"create:copper_tiles":7,"minecraft:diorite_wall":35,"minecraft:pink_wool":25,"minecraft:stone_brick_stairs":23,"minecraft:stone_bricks":131,"minecraft:item_frame":3,"minecraft:bedrock":12,"create:andesite_pillar":47,"minecraft:repeater":66,"minecraft:red_carpet":17,"minecraft:redstone_lamp":38,"minecraft:honeycomb_block":4,"minecraft:bow":2,"minecraft:hay_block":80,"minecraft:written_book":2,"create:shaft":132,"create:copper_block":123,"minecraft:acacia_fence":4,"minecraft:gold_block":50,"minecraft:pink_concrete_powder":5,"minecraft:fire_coral_fan":2,"minecraft:dark_prismarine_stairs":105,"minecraft:stripped_spruce_wood":6,"minecraft:emerald_ore":1,"minecraft:dark_oak_stairs":25,"minecraft:mossy_stone_bricks":18,"minecraft:end_rod":20,"minecraft:end_stone_bricks":102,"minecraft:spruce_door":1,"minecraft:stripped_birch_log":26,"minecraft:powered_rail":25,"minecraft:jungle_fence":10,"minecraft:oak_planks":1141,"minecraft:birch_wood":12,"minecraft:polished_diorite_slab":6,"minecraft:ender_pearl":28,"minecraft:sandstone":10,"minecraft:redstone_block":345,"create:adjustable_repeater":20,"minecraft:end_stone_brick_slab":25,"minecraft:purpur_pillar":2,"minecraft:smooth_quartz_stairs":1,"minecraft:white_wool":48,"minecraft:dark_oak_trapdoor":16,"create:nozzle":9,"minecraft:sand":28,"create:flywheel":2,"create:adjustable_pulse_repeater":2,"minecraft:light_blue_wool":19,"create:ornate_iron_window":11,"minecraft:blue_ice":97,"minecraft:crossbow":29,"minecraft:sponge":4,"minecraft:chiseled_quartz_block":1,"minecraft:end_stone":22,"create:paved_diorite_slab":28,"create:copper_shingles":36,"minecraft:redstone_torch":14,"minecraft:sticky_piston":127,"minecraft:lever":35,"create:super_glue":73,"minecraft:dark_oak_log":3,"minecraft:brown_wool":30,"minecraft:string":35,"minecraft:barrier":247,"minecraft:stone_button":25,"minecraft:red_terracotta":1,"minecraft:oak_pressure_plate":73,"minecraft:diamond_ore":1,"create:andesite_casing":316,"minecraft:prismarine_wall":14,"minecraft:gravel":15,"minecraft:magenta_stained_glass_pane":20,"minecraft:smooth_red_sandstone_slab":1,"minecraft:dark_oak_fence":1,"minecraft:white_stained_glass":2,"minecraft:andesite":18,"minecraft:chain":76,"minecraft:smooth_stone_slab":143,"minecraft:oak_boat":1,"create:chocolate_bucket":3,"minecraft:purple_wool":17,"minecraft:oak_fence":61,"minecraft:oak_trapdoor":63,"minecraft:purpur_block":61,"create:framed_glass":1,"minecraft:netherite_sword":29,"minecraft:iron_bars":291,"minecraft:flint_and_steel":1,"minecraft:carved_pumpkin":6,"minecraft:redstone":220,"minecraft:mycelium":2,"minecraft:spruce_planks":6,"minecraft:ender_chest":1,"create:sticky_mechanical_piston":22,"create:weathered_limestone_bricks_slab":1,"create:granite_bricks_stairs":18,"minecraft:wooden_shovel":1,"minecraft:netherrack":157,"create:turntable":22,"minecraft:ancient_debris":2,"minecraft:dirt":1284,"minecraft:target":126,"minecraft:red_nether_brick_slab":19,"minecraft:white_carpet":20,"create:mechanical_mixer":470,"create:copper_casing":397,"create:redstone_contact":31,"create:paved_diorite_stairs":1,"minecraft:cobblestone_wall":21,"minecraft:crimson_hyphae":9,"minecraft:shulker_box":5,"minecraft:light_gray_glazed_terracotta":33,"minecraft:granite":2,"create:limestone_pillar":4,"minecraft:light_blue_stained_glass":19,"minecraft:nether_brick_stairs":25,"minecraft:polished_diorite":135,"create:chute":1,"create:fancy_diorite_bricks_wall":1,"minecraft:stone_brick_slab":13,"minecraft:dark_oak_planks":13,"minecraft:sea_lantern":1,"minecraft:bookshelf":1,"create:brass_encased_shaft":30,"create:polished_dolomite_wall":7,"create:builders_tea":1,"minecraft:iron_block":1389,"create:black_seat":3,"minecraft:oak_stairs":1249,"create:metal_bracket":14,"minecraft:slime_block":105,"minecraft:smooth_sandstone":51,"create:hose_pulley":2,"minecraft:jungle_log":6,"minecraft:chicken_spawn_egg":3,"minecraft:smooth_quartz":47,"create:creative_motor":244,"minecraft:light_gray_wool":1,"minecraft:basalt":8,"minecraft:purple_concrete":68,"minecraft:glowstone":17,"create:radial_chassis":134,"minecraft:gray_glazed_terracotta":5,"minecraft:iron_trapdoor":217,"create:paved_granite_stairs":5,"minecraft:minecart":3,"minecraft:infested_cobblestone":15,"minecraft:acacia_planks":13,"create:belt_connector":31,"create:jungle_window_pane":3,"create:gearshift":25,"create:honey_bucket":8,"create:wand_of_symmetry":67,"minecraft:water_bucket":9,"create:granite_bricks":93,"minecraft:nether_brick_wall":6,"minecraft:iron_ore":2,"minecraft:light_blue_glazed_terracotta":3,"create:refined_radiance_casing":546,"minecraft:snow_block":4,"minecraft:lead":1,"minecraft:polished_andesite":10,"minecraft:lime_wool":17,"minecraft:red_nether_bricks":13,"minecraft:smooth_sandstone_slab":3,"minecraft:blue_wool":23,"create:red_seat":4,"minecraft:cut_sandstone":135,"minecraft:beacon":9,"minecraft:pink_concrete":15,"minecraft:mossy_cobblestone":2,"minecraft:diamond_block":63,"minecraft:comparator":9,"minecraft:rail":9,"minecraft:stripped_dark_oak_log":50,"create:encased_fan":313,"minecraft:oak_slab":517,"minecraft:dark_prismarine_slab":2,"minecraft:campfire":3,"minecraft:painting":2,"minecraft:brown_glazed_terracotta":7,"minecraft:warped_planks":2,"minecraft:spruce_log":5,"create:sail_frame":1,"minecraft:mushroom_stem":31,"minecraft:nether_gold_ore":3,"minecraft:piston":13,"create:shadow_steel_casing":402,"minecraft:command_block":160,"minecraft:oak_button":9,"minecraft:detector_rail":3,"minecraft:jungle_stairs":89,"minecraft:stone_slab":2,"minecraft:purpur_slab":120,"minecraft:spruce_trapdoor":2,"minecraft:yellow_wool":31,"minecraft:crimson_nylium":23,"minecraft:fishing_rod":28,"create:gabbro_cobblestone_wall":11,"minecraft:cobblestone":37,"minecraft:crimson_stairs":9,"create:gabbro_cobblestone":1,"minecraft:stripped_oak_log":47,"minecraft:chain_command_block":25,"create:hand_crank":11,"minecraft:magenta_glazed_terracotta":35,"minecraft:repeating_command_block":17,"minecraft:wither_rose":14,"minecraft:end_portal_frame":5,"minecraft:polished_blackstone_button":9,"create:clutch":5,"minecraft:splash_potion":9,"create:redstone_link":82,"create:dark_oak_window":6,"create:bar_of_chocolate":1,"minecraft:brown_mushroom_block":12,"minecraft:smooth_stone":128},"minecraft:mined":{"minecraft:tall_grass":1},"minecraft:dropped":{"minecraft:oak_log":64,"minecraft:ender_pearl":220,"minecraft:red_mushroom":1,"minecraft:snowball":71,"minecraft:green_wool":1,"create:brass_tunnel":1,"minecraft:netherite_sword":1,"minecraft:blue_wool":1,"minecraft:mushroom_stem":1,"minecraft:red_mushroom_block":1,"minecraft:cod_spawn_egg":34,"minecraft:tipped_arrow":32,"minecraft:white_dye":1,"minecraft:magenta_wool":2,"create:powdered_obsidian":62,"minecraft:acacia_sign":1,"minecraft:wooden_axe":1,"minecraft:smooth_quartz":1,"minecraft:wither_rose":2,"minecraft:redstone_block":1,"minecraft:orange_wool":2,"minecraft:light_blue_dye":1,"create:copper_block":1,"minecraft:stone":2,"create:redstone_link":2,"minecraft:carved_pumpkin":1,"minecraft:light_gray_dye":1},"minecraft:picked_up":{"minecraft:wheat":2,"minecraft:redstone_block":2,"create:mechanical_crafter":1,"minecraft:lead":1,"minecraft:oak_stairs":4,"minecraft:wither_rose":2,"create:bar_of_chocolate":1,"minecraft:smooth_stone_slab":1,"minecraft:sticky_piston":1,"create:piston_extension_pole":1,"minecraft:oak_sign":1,"minecraft:spruce_planks":6,"minecraft:cobblestone_slab":1,"minecraft:written_book":113,"create:builders_tea":1,"minecraft:tipped_arrow":60,"minecraft:stick":4,"create:andesite_casing":2,"create:wand_of_symmetry":2,"create:copper_casing":3,"minecraft:carved_pumpkin":1,"minecraft:obsidian":118,"minecraft:snowball":297,"minecraft:furnace_minecart":1,"minecraft:mossy_cobblestone_slab":2,"minecraft:barrier":1,"minecraft:jungle_log":1,"minecraft:cod_spawn_egg":34,"minecraft:light_gray_dye":1,"create:refined_radiance":11,"minecraft:acacia_planks":1,"create:mechanical_drill":1,"create:shaft":1,"minecraft:oak_planks":19,"create:super_glue":2,"create:radial_chassis":1,"minecraft:sand":5,"minecraft:jungle_planks":6,"create:refined_radiance_casing":2,"minecraft:orange_wool":1,"minecraft:dispenser":1,"minecraft:sugar":3,"minecraft:lever":1,"minecraft:bread":2,"create:copper_valve_handle":1,"minecraft:netherrack":2,"minecraft:end_stone_bricks":1,"minecraft:splash_potion":3,"minecraft:pink_wool":1,"minecraft:gold_block":1,"minecraft:flint_and_steel":1,"minecraft:quartz_slab":1,"minecraft:item_frame":1,"minecraft:magenta_wool":1,"create:redstone_link":3,"minecraft:netherite_sword":1,"minecraft:chest":1,"minecraft:egg":4,"minecraft:sandstone":1,"minecraft:stone":1,"minecraft:fire_charge":290,"minecraft:stone_button":1,"create:powdered_obsidian":71,"minecraft:redstone":16,"minecraft:mushroom_stem":1,"create:brass_casing":2,"minecraft:dark_oak_planks":6,"create:copper_tiles":2,"minecraft:tnt":12347,"minecraft:arrow":1282,"minecraft:purpur_slab":1,"create:depot":1,"create:zinc_block":2,"minecraft:petrified_oak_slab":2,"minecraft:birch_planks":4,"minecraft:purpur_stairs":1,"create:brass_block":2,"minecraft:oak_log":59,"create:andesite_alloy":1,"minecraft:gunpowder":4,"minecraft:paper":3,"minecraft:glass_bottle":3,"minecraft:prismarine_brick_slab":1,"create:mechanical_bearing":1,"minecraft:milk_bucket":5,"create:shadow_steel_casing":2,"minecraft:stone_brick_slab":3,"create:brass_tunnel":2,"create:turntable":2,"minecraft:mossy_stone_brick_slab":3,"minecraft:sea_lantern":1,"minecraft:brick_slab":1,"create:shadow_steel":259,"create:creative_motor":1,"minecraft:diamond_shovel":1,"minecraft:red_stained_glass":1,"create:encased_fan":1,"minecraft:red_nether_brick_slab":3,"minecraft:stripped_dark_oak_log":1,"minecraft:magenta_concrete":1,"minecraft:warped_nylium":1,"minecraft:end_stone_brick_slab":1,"minecraft:smooth_quartz_slab":1,"minecraft:ender_pearl":15},"minecraft:killed":{"minecraft:shulker":2,"minecraft:skeleton":8,"minecraft:pig":1,"minecraft:ender_dragon":1,"minecraft:stray":1,"minecraft:cow":1,"minecraft:slime":1,"minecraft:bat":11,"minecraft:villager":4},"minecraft:custom":{"minecraft:open_shulker_box":178,"minecraft:bell_ring":1,"minecraft:eat_cake_slice":2,"minecraft:leave_game":30,"minecraft:time_since_death":11089,"minecraft:damage_resisted":420,"minecraft:sprint_one_cm":1753140,"minecraft:drop":392,"minecraft:deaths":257,"minecraft:jump":14302,"minecraft:walk_on_water_one_cm":49873,"minecraft:play_one_minute":2904217,"minecraft:damage_dealt":4205,"minecraft:interact_with_beacon":1,"minecraft:crouch_one_cm":171281,"minecraft:inspect_dispenser":47,"minecraft:interact_with_anvil":1,"minecraft:mob_kills":38,"minecraft:inspect_hopper":1,"minecraft:climb_one_cm":8657,"minecraft:walk_one_cm":1293158,"minecraft:target_hit":906,"minecraft:sneak_time":152842,"minecraft:walk_under_water_one_cm":44645,"minecraft:boat_one_cm":16897,"minecraft:raid_trigger":1,"minecraft:time_since_rest":11089,"minecraft:damage_taken":47495,"minecraft:minecart_one_cm":65896,"minecraft:swim_one_cm":5881,"minecraft:fly_one_cm":27780063,"minecraft:open_chest":16,"minecraft:aviate_one_cm":99066,"minecraft:fall_one_cm":65500}},"DataVersion":2584}