{"stats":{"minecraft:dropped":{"minecraft:crimson_stem":1,"minecraft:clay":1,"create:analog_lever":1,"minecraft:repeating_command_block":70,"minecraft:piston":1,"minecraft:oak_pressure_plate":4,"create:crushed_brass":64,"create:gabbro_bricks":1,"minecraft:crafting_table":1,"create:flywheel":4,"minecraft:red_sandstone":1,"create:copper_tiles":64,"minecraft:dark_oak_slab":4,"minecraft:crossbow":1,"create:paved_granite":3,"create:paved_dark_scoria_wall":1,"create:cogwheel":12,"minecraft:black_bed":1,"minecraft:warped_hyphae":1,"create:fluid_tank":1,"minecraft:quartz_pillar":2,"minecraft:purpur_stairs":7,"minecraft:rail":10,"minecraft:red_mushroom":1,"minecraft:item_frame":7,"minecraft:light_weighted_pressure_plate":1,"minecraft:gold_block":9,"minecraft:dirt":27,"minecraft:grass":1,"minecraft:birch_fence":2,"create:layered_andesite":2,"minecraft:stone_button":4,"minecraft:dark_oak_fence":1,"minecraft:yellow_dye":2,"minecraft:dark_oak_trapdoor":2,"minecraft:chain":2,"create:powered_toggle_latch":1,"minecraft:bone_meal":4,"minecraft:sand":5,"minecraft:purple_wool":1,"minecraft:polished_blackstone_slab":1,"minecraft:dark_oak_planks":3,"minecraft:white_wool":10,"minecraft:green_stained_glass_pane":1,"create:diorite_cobblestone":2,"minecraft:birch_stairs":1,"minecraft:green_wool":5,"minecraft:diamond_block":7,"minecraft:lever":26,"create:brass_tunnel":1,"create:windmill_bearing":5,"minecraft:detector_rail":2,"minecraft:netherite_sword":2,"minecraft:obsidian":95,"minecraft:blue_wool":15,"minecraft:oak_planks":25,"minecraft:birch_wood":1,"create:granite_cobblestone_stairs":1,"minecraft:glowstone_dust":3,"minecraft:end_stone":4,"create:builders_tea":3,"create:turntable":3,"minecraft:warped_sign":4,"minecraft:quartz_bricks":2,"minecraft:nether_brick_fence":2,"minecraft:white_bed":1,"create:white_sail":2,"minecraft:warped_planks":1,"minecraft:blue_stained_glass":1,"create:adjustable_chain_gearshift":1,"create:paved_diorite_slab":2,"create:adjustable_repeater":7,"minecraft:sea_lantern":7,"create:bar_of_chocolate":1,"minecraft:tipped_arrow":53,"create:encased_fan":6,"minecraft:heavy_weighted_pressure_plate":1,"minecraft:jungle_stairs":2,"minecraft:honey_block":5,"minecraft:hopper":1,"minecraft:jungle_log":3,"create:ornate_iron_window":1,"create:red_seat":5,"create:wrench":3,"minecraft:ladder":2,"create:mechanical_crafter":6,"create:wand_of_symmetry":5,"minecraft:white_dye":2,"minecraft:spruce_slab":2,"create:granite_bricks_stairs":3,"minecraft:end_stone_bricks":5,"minecraft:glass":9,"minecraft:podzol":2,"create:crushed_gold_ore":64,"minecraft:stone_brick_stairs":1,"minecraft:acacia_fence":1,"minecraft:white_glazed_terracotta":1,"create:mossy_andesite":1,"create:acacia_window":1,"minecraft:brown_concrete":2,"create:mechanical_mixer":9,"create:basin":2,"minecraft:wheat_seeds":4,"create:polished_rose_quartz":1,"minecraft:tnt":2,"minecraft:smooth_quartz_stairs":2,"minecraft:end_stone_brick_slab":1,"minecraft:oak_fence":3,"minecraft:purpur_slab":9,"minecraft:barrier":44,"minecraft:dark_prismarine_slab":5,"minecraft:purple_concrete":4,"minecraft:command_block":22,"minecraft:red_stained_glass":1,"minecraft:spruce_door":1,"minecraft:polished_blackstone_button":1,"create:rope_pulley":1,"minecraft:coal_block":2,"minecraft:polished_andesite":3,"minecraft:end_rod":3,"create:andesite_casing":3,"minecraft:lava_bucket":3,"minecraft:cobweb":1,"minecraft:jungle_slab":3,"minecraft:dark_oak_leaves":1,"minecraft:crimson_stairs":2,"create:handheld_worldshaper":2,"minecraft:iron_trapdoor":16,"minecraft:sponge":5,"minecraft:lodestone":1,"minecraft:wooden_axe":4,"create:paved_diorite_stairs":3,"create:shadow_steel_casing":6,"minecraft:potion":1,"minecraft:oak_stairs":2,"minecraft:red_dye":2,"create:metal_bracket":2,"minecraft:prismarine_slab":1,"minecraft:smooth_stone":21,"create:mechanical_drill":2,"minecraft:string":4,"minecraft:paper":1,"minecraft:blue_carpet":6,"create:copper_casing":20,"minecraft:acacia_planks":3,"create:shadow_steel":1,"minecraft:stone_brick_slab":4,"create:clutch":4,"minecraft:pink_tulip":1,"minecraft:purpur_pillar":4,"minecraft:player_head":4,"minecraft:cobblestone_wall":1,"minecraft:smooth_stone_slab":42,"minecraft:sticky_piston":10,"minecraft:grass_path":2,"minecraft:blue_concrete":1,"minecraft:slime_block":3,"minecraft:structure_block":1,"minecraft:magenta_concrete":7,"minecraft:diamond_ore":1,"minecraft:debug_stick":4,"minecraft:orange_wool":1,"minecraft:nether_bricks":12,"minecraft:oak_sign":21,"minecraft:spruce_fence":1,"create:brass_encased_shaft":2,"minecraft:target":10,"create:sail_frame":1,"create:copper_block":15,"minecraft:cobblestone_slab":2,"minecraft:hay_block":3,"minecraft:cyan_wool":12,"minecraft:shroomlight":1,"minecraft:stone":16,"minecraft:crimson_slab":4,"minecraft:spruce_trapdoor":3,"minecraft:spruce_planks":11,"create:polished_dolomite_slab":1,"create:hand_crank":1,"minecraft:redstone_torch":15,"minecraft:stone_pressure_plate":14,"minecraft:stone_bricks":6,"minecraft:blue_orchid":2,"minecraft:bow":1,"create:brass_casing":13,"minecraft:red_sand":3,"minecraft:crimson_hyphae":1,"minecraft:stripped_spruce_wood":3,"minecraft:magma_block":1,"minecraft:brick_slab":1,"minecraft:dark_prismarine":1,"minecraft:pink_concrete_powder":3,"create:tiled_glass":1,"minecraft:quartz_slab":3,"minecraft:nether_brick_stairs":2,"create:copper_valve_handle":1,"minecraft:gold_ore":1,"minecraft:crimson_nylium":2,"minecraft:spruce_sign":4,"create:belt_connector":15,"create:vertical_gearbox":2,"create:super_glue":6,"minecraft:soul_sand":2,"minecraft:birch_planks":5,"minecraft:brown_mushroom":2,"minecraft:dark_oak_stairs":6,"minecraft:oak_log":2,"minecraft:ender_pearl":15,"create:chromatic_compound":26,"minecraft:jungle_fence":1,"minecraft:red_nether_brick_slab":13,"minecraft:lantern":4,"minecraft:blue_concrete_powder":1,"minecraft:prismarine_brick_stairs":5,"minecraft:jungle_planks":11,"minecraft:red_wool":1,"create:jungle_window":3,"create:vertical_framed_glass":2,"create:refined_radiance_casing":29,"minecraft:bedrock":4,"minecraft:spruce_leaves":64,"minecraft:stripped_warped_hyphae":2,"minecraft:redstone_lamp":12,"create:copper_shingles":64,"create:clockwork_bearing":4,"minecraft:dark_oak_log":3,"create:sticky_mechanical_piston":3,"minecraft:packed_ice":7,"minecraft:ice":7,"create:fluid_pipe":1,"minecraft:polished_blackstone_pressure_plate":1,"minecraft:dispenser":18,"minecraft:dark_oak_wood":1,"minecraft:mutton":1,"minecraft:cut_sandstone":1,"minecraft:snowball":70,"minecraft:prismarine_brick_slab":5,"minecraft:wet_sponge":7,"create:jungle_window_pane":1,"create:large_cogwheel":3,"create:portable_storage_interface":1,"minecraft:stripped_oak_wood":1,"create:overgrown_diorite":1,"minecraft:brown_mushroom_block":7,"create:crushing_wheel":2,"minecraft:magenta_stained_glass":2,"create:andesite_bricks":1,"minecraft:yellow_wool":1,"minecraft:fern":1,"minecraft:diamond_shovel":1,"minecraft:prismarine":1,"minecraft:mossy_stone_brick_slab":3,"minecraft:infested_mossy_stone_bricks":1,"minecraft:cooked_mutton":1,"minecraft:stone_stairs":2,"minecraft:mycelium":1,"create:mechanical_bearing":14,"create:crushed_iron_ore":128,"minecraft:birch_fence_gate":1,"minecraft:mushroom_stem":4,"create:creative_motor":25,"minecraft:trident":1,"minecraft:petrified_oak_slab":2,"minecraft:glowstone":6,"minecraft:spruce_wood":13,"minecraft:chest":3,"minecraft:purple_concrete_powder":1,"create:depot":5,"minecraft:iron_bars":11,"minecraft:birch_button":1,"minecraft:basalt":4,"minecraft:iron_ore":2,"create:andesite_pillar":1,"minecraft:arrow":1,"minecraft:powered_rail":12,"create:crushed_copper_ore":64,"minecraft:prismarine_bricks":4,"create:ornate_iron_window_pane":1,"minecraft:chain_command_block":21,"minecraft:cracked_nether_bricks":1,"create:mossy_gabbro":1,"minecraft:oak_leaves":5,"minecraft:magenta_wool":3,"minecraft:acacia_pressure_plate":1,"minecraft:splash_potion":3,"minecraft:netherrack":11,"minecraft:enchanting_table":1,"create:powdered_obsidian":3,"minecraft:spawner":1,"minecraft:water_bucket":12,"minecraft:crimson_pressure_plate":2,"minecraft:stripped_spruce_log":2,"minecraft:oak_slab":6,"minecraft:vine":2,"minecraft:lilac":1,"minecraft:minecart":7,"create:granite_bricks":8,"create:andesite_encased_shaft":1,"minecraft:observer":1,"create:chute":4,"minecraft:hopper_minecart":1,"minecraft:activator_rail":1,"minecraft:spruce_stairs":2,"create:nozzle":2,"minecraft:grass_block":47,"minecraft:enderman_spawn_egg":1,"create:redstone_contact":5,"minecraft:iron_block":63,"minecraft:warped_stairs":1,"minecraft:nether_gold_ore":4,"minecraft:milk_bucket":1,"minecraft:mossy_cobblestone_slab":2,"create:extendo_grip":1,"minecraft:light_blue_stained_glass":3,"create:blaze_burner":66,"minecraft:torch":5,"minecraft:light_blue_wool":1,"minecraft:repeater":6,"minecraft:white_concrete":1,"minecraft:smooth_quartz":6,"minecraft:brown_wool":1,"minecraft:iron_door":3,"minecraft:jungle_door":1,"minecraft:fire_charge":3,"minecraft:crimson_sign":1,"create:piston_extension_pole":6,"minecraft:smooth_quartz_slab":1,"minecraft:jungle_leaves":1,"minecraft:stonecutter":1,"minecraft:cactus":1,"minecraft:tripwire_hook":1,"create:pulse_repeater":1,"create:adjustable_pulse_repeater":3,"minecraft:redstone_block":25,"minecraft:redstone":33,"minecraft:red_concrete":2,"minecraft:polished_diorite":3,"minecraft:farmland":1,"minecraft:nether_brick_slab":2,"minecraft:anvil":3,"minecraft:warped_nylium":2,"minecraft:oak_trapdoor":1,"minecraft:dark_prismarine_stairs":10,"create:shaft":23,"create:stressometer":1,"minecraft:chiseled_quartz_block":1,"minecraft:brown_glazed_terracotta":2,"create:refined_radiance":5,"create:andesite_tunnel":1,"minecraft:villager_spawn_egg":3,"minecraft:comparator":5,"minecraft:stripped_oak_log":2,"minecraft:skeleton_spawn_egg":4,"minecraft:shulker_box":2,"minecraft:acacia_leaves":3,"minecraft:glass_pane":3,"minecraft:prismarine_stairs":1,"minecraft:flint_and_steel":5,"minecraft:filled_map":1,"create:cart_assembler":4,"minecraft:oak_button":2,"create:redstone_link":30,"minecraft:warped_fence":1,"create:radial_chassis":14,"minecraft:andesite":2,"minecraft:quartz_stairs":7,"minecraft:cake":1,"minecraft:mossy_stone_bricks":2,"minecraft:pink_wool":1,"minecraft:blue_ice":4,"minecraft:oak_sapling":1,"create:deployer":3,"minecraft:end_portal_frame":1,"minecraft:birch_sign":2,"minecraft:cow_spawn_egg":1,"minecraft:spruce_log":3,"minecraft:beacon":1,"create:crushed_zinc_ore":64,"create:paved_granite_stairs":3,"create:horizontal_framed_glass":2,"create:framed_glass":1,"create:gearshift":8,"minecraft:white_stained_glass":2},"minecraft:mined":{"minecraft:fire":1,"minecraft:grass_block":2},"minecraft:killed":{"minecraft:shulker":33,"minecraft:skeleton":7,"minecraft:cat":5,"minecraft:iron_golem":5,"minecraft:cow":1,"minecraft:enderman":1,"minecraft:slime":4,"minecraft:bat":1,"minecraft:villager":136},"minecraft:picked_up":{"minecraft:wooden_axe":1,"minecraft:piglin_brute_spawn_egg":1,"create:cart_assembler":1,"minecraft:spruce_planks":5,"minecraft:coal_block":1,"create:andesite_casing":1,"create:wand_of_symmetry":4,"create:copper_casing":1,"minecraft:iron_block":1,"minecraft:red_tulip":1,"minecraft:glowstone":1,"minecraft:snowball":144,"create:refined_radiance":24,"create:refined_radiance_casing":1,"minecraft:dispenser":1,"create:crushed_iron_ore":64,"minecraft:lever":2,"minecraft:dark_oak_fence":1,"minecraft:spruce_leaves":118,"minecraft:redstone_lamp":1,"minecraft:jungle_sapling":1,"minecraft:egg":2,"minecraft:hoglin_spawn_egg":7,"minecraft:stone":1,"minecraft:fire_charge":233,"minecraft:cake":1,"create:powdered_obsidian":73,"minecraft:redstone":14,"create:brass_casing":1,"minecraft:tnt":980,"minecraft:repeating_command_block":2,"create:zinc_block":1,"minecraft:gold_ingot":8,"minecraft:rail":1,"create:copper_block":3,"minecraft:fern":1,"create:brass_block":2,"minecraft:magenta_stained_glass":1,"minecraft:milk_bucket":9,"create:shadow_steel":110,"create:creative_motor":2,"minecraft:ender_pearl":7,"minecraft:wheat":13,"create:mechanical_crafter":1,"minecraft:crimson_planks":1,"minecraft:netherite_ingot":8,"minecraft:tnt_minecart":1,"minecraft:bucket":3,"minecraft:comparator":1,"minecraft:redstone_torch":1,"create:builders_tea":1,"minecraft:blue_wool":1,"minecraft:tipped_arrow":604,"minecraft:stick":2,"minecraft:torch":1,"minecraft:nether_gold_ore":1,"minecraft:green_wool":1,"minecraft:obsidian":8,"minecraft:cobblestone":1,"minecraft:cod_spawn_egg":63,"create:granite_cobblestone_stairs":1,"minecraft:acacia_planks":5,"minecraft:oak_planks":8,"minecraft:sand":32,"minecraft:melon":1,"minecraft:grass_block":2,"minecraft:dead_bush":1,"minecraft:diamond_block":9,"minecraft:orange_wool":1,"minecraft:sugar":6,"minecraft:tropical_fish_spawn_egg":193,"minecraft:allium":1,"minecraft:splash_potion":29,"minecraft:item_frame":2,"minecraft:blue_orchid":1,"minecraft:magenta_wool":1,"minecraft:salmon_spawn_egg":215,"minecraft:oak_boat":1,"minecraft:pufferfish_spawn_egg":34,"minecraft:stone_button":1,"create:copper_tiles":1,"minecraft:dark_oak_planks":8,"create:deployer":1,"minecraft:arrow":24,"minecraft:saddle":1,"minecraft:basalt":1,"minecraft:birch_planks":3,"minecraft:bedrock":1,"create:blaze_burner":1,"create:chromatic_compound":5,"create:handheld_blockzapper":1,"create:shadow_steel_casing":1,"minecraft:white_bed":1,"minecraft:gold_ore":56,"minecraft:polished_diorite_stairs":8,"create:encased_fan":2},"minecraft:killed_by":{"minecraft:shulker":2},"minecraft:used":{"minecraft:peony":3,"minecraft:nether_brick_fence":39,"create:deployer":14,"create:brass_casing":532,"create:paved_granite_wall":6,"minecraft:cut_red_sandstone_slab":3,"minecraft:spruce_slab":207,"create:mossy_andesite":18,"minecraft:dispenser":321,"minecraft:polished_blackstone":2,"minecraft:poppy":6,"minecraft:ladder":25,"create:oak_window_pane":12,"minecraft:chest":16,"minecraft:brown_concrete":35,"minecraft:stone":541,"create:tiled_glass":5,"minecraft:white_shulker_box":27,"create:andesite_encased_shaft":12,"minecraft:quartz_stairs":40,"minecraft:warped_sign":5,"create:jungle_window":90,"minecraft:farmland":37,"create:fluid_tank":14,"create:portable_fluid_interface":11,"minecraft:soul_sand":116,"minecraft:lily_of_the_valley":5,"minecraft:skeleton_spawn_egg":119,"create:white_sail":48,"minecraft:blue_stained_glass":16,"create:mechanical_crafter":60,"minecraft:jungle_slab":155,"minecraft:allium":3,"minecraft:orange_wool":191,"create:depot":6,"minecraft:weeping_vines":2,"minecraft:snowball":516,"minecraft:azure_bluet":4,"minecraft:stripped_spruce_log":4,"minecraft:jungle_sapling":1,"minecraft:polished_blackstone_slab":1,"create:granite_pillar":2,"minecraft:packed_ice":334,"minecraft:honey_block":89,"minecraft:lava_bucket":63,"minecraft:stripped_dark_oak_wood":68,"create:spruce_window_pane":9,"minecraft:villager_spawn_egg":121,"minecraft:quartz_pillar":72,"create:granite_bricks_slab":18,"minecraft:red_wool":47,"minecraft:jungle_fence_gate":1,"minecraft:warped_hyphae":25,"minecraft:grass_block":1395,"minecraft:birch_sapling":5,"minecraft:orange_shulker_box":2,"minecraft:quartz_block":4,"minecraft:wet_sponge":29,"minecraft:dark_oak_leaves":2,"minecraft:dark_oak_slab":207,"minecraft:diorite_wall":11,"minecraft:pink_wool":9,"minecraft:stone_brick_stairs":17,"create:rope_pulley":43,"minecraft:bow":41,"create:shaft":346,"minecraft:yellow_glazed_terracotta":1,"minecraft:oak_sapling":13,"minecraft:furnace":11,"minecraft:acacia_fence":11,"minecraft:end_stone_brick_stairs":2,"minecraft:dragon_head":3,"minecraft:brown_concrete_powder":15,"minecraft:dark_prismarine_stairs":101,"minecraft:lime_glazed_terracotta":1,"minecraft:magenta_shulker_box":5,"create:mossy_gabbro":5,"minecraft:emerald_ore":9,"minecraft:mossy_stone_bricks":47,"minecraft:cow_spawn_egg":53,"minecraft:end_stone_bricks":404,"minecraft:spruce_door":6,"minecraft:brick_wall":1,"minecraft:red_stained_glass":24,"minecraft:powered_rail":348,"minecraft:prismarine":58,"minecraft:orange_tulip":2,"minecraft:cactus":4,"minecraft:black_glazed_terracotta":1,"minecraft:composter":2,"create:adjustable_repeater":23,"minecraft:clay":4,"minecraft:purpur_pillar":158,"minecraft:oak_leaves":25,"create:andesite_cobblestone":10,"minecraft:smooth_quartz_stairs":47,"create:spout":2,"minecraft:dark_oak_trapdoor":51,"create:layered_andesite":42,"minecraft:sand":156,"create:paved_diorite":12,"minecraft:purpur_stairs":95,"minecraft:blast_furnace":4,"minecraft:blue_ice":187,"minecraft:acacia_leaves":37,"minecraft:purple_terracotta":129,"minecraft:chiseled_quartz_block":31,"create:paved_diorite_wall":13,"minecraft:red_sandstone_wall":5,"minecraft:purple_concrete_powder":32,"create:weathered_limestone_bricks_wall":34,"minecraft:crimson_fence_gate":1,"minecraft:birch_fence":11,"create:fancy_andesite_bricks_slab":4,"create:paved_diorite_slab":234,"create:layered_granite":1,"minecraft:enderman_spawn_egg":5,"minecraft:red_sandstone":51,"create:paved_dark_scoria_wall":9,"minecraft:crying_obsidian":2,"minecraft:birch_slab":14,"create:green_seat":1,"minecraft:stone_button":33,"minecraft:cyan_carpet":6,"minecraft:white_glazed_terracotta":11,"minecraft:lectern":1,"minecraft:red_terracotta":8,"minecraft:oak_pressure_plate":97,"minecraft:diamond_ore":12,"create:adjustable_chain_gearshift":4,"create:fancy_diorite_bricks":7,"minecraft:lilac":3,"minecraft:soul_lantern":15,"minecraft:magenta_stained_glass_pane":57,"create:powered_toggle_latch":21,"minecraft:coal_block":60,"minecraft:fire_charge":3,"create:basin":7,"create:paved_granite_slab":20,"minecraft:dark_oak_fence":7,"minecraft:white_stained_glass":31,"minecraft:birch_log":24,"minecraft:ice":167,"minecraft:purple_wool":2,"create:dark_scoria_bricks":1,"minecraft:oak_trapdoor":17,"minecraft:stripped_acacia_wood":9,"create:framed_glass":31,"minecraft:iron_bars":158,"minecraft:enchanting_table":3,"minecraft:acacia_log":106,"minecraft:red_concrete":22,"minecraft:carved_pumpkin":33,"create:granite_bricks_wall":7,"minecraft:light_gray_carpet":16,"minecraft:mycelium":33,"minecraft:stripped_warped_stem":21,"create:granite_cobblestone_wall":3,"create:cuckoo_clock":1,"create:sticky_mechanical_piston":64,"create:weathered_limestone_bricks_slab":16,"minecraft:structure_block":70,"minecraft:polished_blackstone_wall":33,"minecraft:sandstone_wall":2,"minecraft:netherrack":188,"minecraft:bee_spawn_egg":2,"minecraft:torch":24,"minecraft:orange_bed":1,"minecraft:orange_stained_glass":5,"minecraft:light_gray_shulker_box":2,"create:turntable":49,"create:dark_scoria_bricks_wall":1,"minecraft:anvil":8,"minecraft:target":27,"minecraft:warped_wart_block":1,"minecraft:ancient_debris":7,"minecraft:twisting_vines":17,"minecraft:crimson_hyphae":37,"minecraft:stone_stairs":8,"minecraft:nether_brick_slab":10,"minecraft:light_gray_glazed_terracotta":43,"minecraft:golden_shovel":8,"minecraft:blue_concrete":33,"create:limestone_pillar":20,"minecraft:oak_fence_gate":2,"minecraft:nether_brick_stairs":105,"minecraft:fern":5,"create:spruce_window":14,"minecraft:polished_diorite":191,"create:mossy_dark_scoria":1,"minecraft:shroomlight":167,"minecraft:red_shulker_box":52,"minecraft:sea_lantern":119,"create:warped_window":9,"create:gearbox":9,"minecraft:cyan_shulker_box":2,"create:dark_oak_window_pane":12,"create:polished_dolomite_wall":1,"create:wrench":79,"minecraft:iron_block":1883,"minecraft:light_weighted_pressure_plate":2,"minecraft:slime_block":79,"minecraft:brick_stairs":1,"minecraft:warped_fence":21,"minecraft:spawner":5,"minecraft:jungle_log":195,"minecraft:smooth_quartz":284,"create:warped_window_pane":2,"create:creative_motor":535,"minecraft:prismarine_slab":35,"minecraft:barrel":1,"create:horizontal_framed_glass":64,"create:encased_chain_drive":16,"create:granite_cobblestone_stairs":11,"minecraft:basalt":48,"minecraft:tripwire_hook":15,"minecraft:purple_concrete":181,"minecraft:glowstone":140,"create:gray_seat":19,"minecraft:warped_stairs":25,"minecraft:magenta_wool":68,"create:overgrown_andesite":5,"minecraft:iron_trapdoor":356,"create:paved_granite_stairs":2,"minecraft:podzol":20,"create:fluid_pipe":39,"minecraft:acacia_wood":25,"minecraft:crimson_pressure_plate":1,"create:fluid_valve":1,"minecraft:acacia_planks":9,"minecraft:observer":19,"minecraft:orange_terracotta":8,"create:belt_connector":207,"create:jungle_window_pane":37,"minecraft:crimson_stem":22,"create:wand_of_symmetry":176,"minecraft:wheat_seeds":33,"minecraft:water_bucket":95,"minecraft:warped_stem":12,"minecraft:light_blue_shulker_box":2,"minecraft:nether_brick_wall":1,"minecraft:light_blue_glazed_terracotta":12,"minecraft:prismarine_brick_slab":93,"minecraft:birch_planks":41,"minecraft:yellow_shulker_box":2,"minecraft:cartography_table":1,"create:layered_diorite":7,"create:brass_tunnel":93,"create:crimson_window":8,"minecraft:blue_concrete_powder":3,"create:diorite_bricks_wall":4,"create:nixie_tube":4,"minecraft:fletching_table":1,"create:diorite_bricks":53,"minecraft:spruce_fence_gate":2,"minecraft:gold_ore":25,"create:blaze_burner":17,"minecraft:cracked_stone_bricks":23,"minecraft:gilded_blackstone":4,"minecraft:pink_concrete":13,"minecraft:diamond_block":179,"minecraft:orange_carpet":8,"minecraft:rail":160,"minecraft:comparator":32,"minecraft:vine":45,"create:encased_fan":193,"minecraft:red_bed":1,"minecraft:oak_slab":170,"minecraft:tnt":34,"minecraft:crafting_table":5,"create:mossy_weathered_limestone":3,"minecraft:crimson_trapdoor":6,"minecraft:fire_coral":7,"minecraft:phantom_spawn_egg":44,"minecraft:birch_sign":7,"minecraft:white_bed":2,"minecraft:campfire":19,"minecraft:dark_oak_fence_gate":2,"minecraft:lime_shulker_box":2,"minecraft:cake":1,"minecraft:spruce_log":113,"minecraft:mushroom_stem":20,"create:secondary_linear_chassis":3,"minecraft:oak_log":57,"minecraft:cornflower":2,"create:zinc_block":5,"minecraft:dark_prismarine":19,"minecraft:ender_eye":19,"minecraft:oxeye_daisy":3,"minecraft:warped_trapdoor":2,"minecraft:diamond_shovel":13,"create:weathered_limestone_bricks":5,"minecraft:stripped_jungle_log":163,"create:mossy_diorite":16,"minecraft:sunflower":3,"minecraft:oak_button":7,"create:water_wheel":10,"minecraft:purpur_slab":427,"minecraft:spruce_trapdoor":171,"create:andesite_bricks_wall":2,"create:mechanical_arm":4,"create:andesite_tunnel":25,"minecraft:crimson_nylium":8,"minecraft:crimson_sign":3,"minecraft:blue_carpet":31,"minecraft:cobblestone":69,"minecraft:crimson_stairs":70,"minecraft:acacia_pressure_plate":1,"minecraft:warped_fence_gate":4,"minecraft:glass_pane":55,"minecraft:repeating_command_block":236,"minecraft:end_portal_frame":27,"create:clutch":16,"minecraft:stripped_oak_log":68,"create:redstone_link":213,"create:dark_oak_window":19,"minecraft:dandelion":9,"create:diorite_bricks_stairs":48,"minecraft:brown_mushroom_block":110,"create:gabbro_bricks":10,"minecraft:red_sand":48,"create:piston_extension_pole":92,"create:andesite_bricks":31,"minecraft:oak_sign":99,"create:portable_storage_interface":11,"minecraft:white_terracotta":13,"minecraft:nether_wart":3,"minecraft:purple_shulker_box":4,"minecraft:grass":40,"minecraft:bell":48,"minecraft:player_head":102,"create:analog_lever":8,"minecraft:stripped_crimson_stem":1,"minecraft:debug_stick":821,"create:mechanical_bearing":200,"minecraft:mooshroom_spawn_egg":3,"minecraft:spruce_leaves":25,"create:blue_seat":3,"create:dark_scoria_cobblestone":11,"create:clockwork_bearing":31,"create:paved_granite":4,"minecraft:stray_spawn_egg":3,"create:cogwheel":100,"minecraft:orange_glazed_terracotta":1,"minecraft:jungle_planks":87,"minecraft:nether_bricks":177,"minecraft:prismarine_brick_stairs":33,"create:fancy_andesite_bricks_stairs":8,"create:brown_seat":3,"minecraft:cyan_wool":365,"create:speedometer":7,"create:controller_rail":2,"minecraft:obsidian":287,"minecraft:red_sandstone_stairs":3,"minecraft:glass":761,"create:polished_weathered_limestone":5,"minecraft:bricks":90,"minecraft:coal_ore":12,"minecraft:quartz_slab":93,"minecraft:spruce_wood":243,"minecraft:lantern":136,"minecraft:blue_orchid":7,"minecraft:green_wool":41,"minecraft:polished_blackstone_brick_wall":1,"minecraft:warped_nylium":41,"create:weathered_limestone_bricks_stairs":4,"minecraft:dark_oak_wood":34,"create:polished_limestone_slab":22,"create:copper_tiles":12,"minecraft:hopper_minecart":5,"minecraft:stone_bricks":506,"minecraft:slime_spawn_egg":111,"minecraft:item_frame":14,"minecraft:bedrock":93,"create:fancy_dolomite_bricks_wall":7,"create:andesite_pillar":146,"minecraft:red_nether_brick_wall":1,"minecraft:repeater":54,"minecraft:red_carpet":16,"minecraft:redstone_lamp":322,"minecraft:magma_block":17,"minecraft:blue_shulker_box":2,"minecraft:hay_block":25,"create:ornate_iron_window_pane":60,"create:yellow_seat":4,"create:copper_block":565,"create:mechanical_drill":10,"minecraft:gold_block":48,"minecraft:skeleton_skull":9,"create:diorite_bricks_slab":11,"minecraft:pink_concrete_powder":83,"minecraft:polished_blackstone_stairs":7,"minecraft:stripped_spruce_wood":17,"minecraft:dark_oak_stairs":193,"minecraft:end_rod":148,"create:andesite_cobblestone_wall":2,"create:acacia_window":33,"create:mossy_granite":6,"create:crushing_wheel":21,"minecraft:dropper":1,"minecraft:stripped_acacia_log":125,"minecraft:prismarine_stairs":10,"minecraft:gray_carpet":4,"create:polished_dolomite_slab":43,"minecraft:jungle_fence":20,"minecraft:oak_planks":494,"minecraft:birch_wood":59,"minecraft:polished_diorite_slab":12,"minecraft:ender_pearl":56,"minecraft:sandstone":25,"minecraft:structure_void":10,"minecraft:redstone_block":726,"minecraft:sugar_cane":8,"create:copper_valve_handle":13,"minecraft:white_wool":196,"minecraft:brain_coral":1,"create:nozzle":4,"create:cyan_seat":2,"minecraft:yellow_terracotta":4,"create:flywheel":61,"create:adjustable_pulse_repeater":12,"minecraft:loom":1,"minecraft:light_blue_wool":5,"create:ornate_iron_window":45,"minecraft:light_gray_terracotta":7,"minecraft:crossbow":14,"minecraft:sponge":48,"minecraft:blackstone_wall":1,"minecraft:lingering_potion":1,"minecraft:shulker_spawn_egg":35,"minecraft:stone_brick_wall":12,"minecraft:end_stone":111,"create:copper_shingles":13,"minecraft:redstone_torch":175,"minecraft:sticky_piston":173,"create:diorite_pillar":122,"minecraft:lever":132,"create:paved_andesite_stairs":4,"create:super_glue":697,"minecraft:black_concrete":17,"minecraft:daylight_detector":1,"minecraft:birch_fence_gate":2,"minecraft:acacia_door":7,"minecraft:dark_oak_log":111,"minecraft:light_gray_concrete":14,"minecraft:heavy_weighted_pressure_plate":19,"create:overgrown_diorite":4,"minecraft:string":44,"minecraft:brown_wool":30,"minecraft:barrier":1680,"minecraft:warped_slab":16,"minecraft:prismarine_wall":13,"minecraft:iron_door":11,"create:andesite_casing":168,"minecraft:gravel":55,"minecraft:blackstone_slab":17,"minecraft:stripped_warped_hyphae":29,"minecraft:stripped_oak_wood":34,"minecraft:grindstone":6,"create:stressometer":4,"minecraft:andesite":53,"minecraft:chain":147,"minecraft:mossy_cobblestone_wall":1,"minecraft:smooth_stone_slab":324,"create:chocolate_bucket":37,"create:vertical_gearbox":25,"minecraft:white_concrete":80,"minecraft:coarse_dirt":13,"minecraft:bone_meal":79,"create:large_cogwheel":10,"minecraft:cobweb":37,"minecraft:oak_fence":136,"minecraft:netherite_sword":57,"minecraft:purpur_block":4,"minecraft:jungle_leaves":47,"minecraft:trident":4,"minecraft:rose_bush":3,"create:crimson_window_pane":1,"minecraft:crimson_fence":1,"minecraft:white_tulip":2,"minecraft:flint_and_steel":40,"create:wooden_bracket":19,"minecraft:redstone_ore":28,"minecraft:stone_shovel":8,"minecraft:redstone":347,"minecraft:dried_kelp":1,"minecraft:spruce_planks":130,"create:orange_seat":3,"minecraft:brown_shulker_box":1,"minecraft:wooden_shovel":5,"create:granite_bricks_stairs":3,"minecraft:stripped_birch_wood":46,"create:polished_weathered_limestone_wall":4,"create:lime_seat":3,"minecraft:oak_door":2,"create:mechanical_pump":8,"minecraft:end_stone_brick_wall":13,"minecraft:dirt":746,"minecraft:red_nether_brick_slab":90,"create:mechanical_mixer":142,"minecraft:white_carpet":4,"minecraft:hopper":8,"create:copper_casing":631,"minecraft:prismarine_bricks":51,"create:redstone_contact":23,"minecraft:spruce_stairs":85,"create:paved_diorite_stairs":142,"minecraft:cobblestone_wall":15,"create:paved_andesite_slab":52,"minecraft:warped_door":4,"minecraft:shulker_box":37,"minecraft:oak_wood":20,"minecraft:bee_nest":4,"create:light_gray_seat":1,"minecraft:spruce_fence":5,"minecraft:light_blue_stained_glass":70,"create:chute":12,"minecraft:andesite_wall":1,"minecraft:purple_stained_glass_pane":22,"minecraft:stone_brick_slab":22,"create:fancy_diorite_bricks_wall":6,"minecraft:brown_terracotta":16,"minecraft:dark_oak_planks":186,"minecraft:red_tulip":5,"minecraft:smooth_sandstone":1,"create:builders_tea":3,"minecraft:oak_stairs":132,"create:vertical_framed_glass":102,"create:metal_bracket":20,"create:brass_encased_shaft":43,"minecraft:acacia_slab":33,"create:hose_pulley":9,"minecraft:crimson_slab":58,"create:furnace_engine":1,"create:diorite_cobblestone":3,"create:cart_assembler":24,"minecraft:crimson_planks":24,"create:purple_seat":1,"minecraft:light_gray_wool":8,"create:radial_chassis":388,"minecraft:emerald_block":7,"minecraft:white_stained_glass_pane":15,"minecraft:minecart":190,"create:tiled_glass_pane":32,"minecraft:infested_cobblestone":9,"minecraft:granite_wall":1,"minecraft:stone_pressure_plate":119,"minecraft:zombified_piglin_spawn_egg":8,"minecraft:mossy_stone_brick_wall":1,"create:gearshift":71,"create:honey_bucket":38,"minecraft:quartz_bricks":66,"create:handheld_worldshaper":8,"create:granite_bricks":148,"create:brass_block":11,"minecraft:jigsaw":34,"minecraft:iron_ore":28,"minecraft:pink_tulip":4,"minecraft:pink_glazed_terracotta":1,"minecraft:cobblestone_stairs":3,"minecraft:lodestone":9,"minecraft:snow_block":1,"create:refined_radiance_casing":850,"create:empty_blaze_burner":7,"minecraft:polished_andesite":61,"minecraft:blue_wool":285,"create:overgrown_dark_scoria":1,"minecraft:purple_glazed_terracotta":2,"create:red_seat":57,"create:fancy_diorite_bricks_slab":4,"minecraft:cut_sandstone":82,"minecraft:brown_mushroom":11,"minecraft:spruce_sign":7,"minecraft:magenta_stained_glass":26,"minecraft:red_glazed_terracotta":1,"minecraft:beacon":62,"minecraft:stonecutter":4,"minecraft:cobblestone_slab":20,"minecraft:jungle_wood":4,"minecraft:polished_blackstone_pressure_plate":17,"minecraft:terracotta":9,"minecraft:stripped_dark_oak_log":200,"minecraft:dark_prismarine_slab":99,"minecraft:magenta_bed":4,"create:mechanical_harvester":7,"minecraft:red_mushroom":6,"create:schematicannon":1,"minecraft:brown_glazed_terracotta":14,"minecraft:magenta_carpet":7,"minecraft:warped_planks":28,"create:sail_frame":21,"minecraft:dark_oak_door":5,"minecraft:nether_gold_ore":18,"minecraft:purple_stained_glass":23,"create:overgrown_limestone":1,"create:paved_andesite_wall":1,"create:linear_chassis":3,"minecraft:piston":6,"minecraft:netherite_block":4,"minecraft:wooden_hoe":2,"create:shadow_steel_casing":456,"minecraft:activator_rail":6,"create:mechanical_press":5,"minecraft:command_block":117,"create:windmill_bearing":22,"minecraft:lapis_ore":4,"minecraft:stone_slab":31,"minecraft:detector_rail":10,"minecraft:cracked_nether_bricks":10,"minecraft:magenta_concrete":65,"minecraft:jungle_stairs":139,"create:paved_andesite":54,"create:fancy_granite_bricks_wall":1,"minecraft:yellow_wool":13,"create:birch_window_pane":8,"minecraft:acacia_fence_gate":54,"minecraft:magenta_banner":6,"minecraft:green_shulker_box":3,"minecraft:end_crystal":15,"create:fancy_andesite_bricks":17,"minecraft:jungle_door":4,"minecraft:pink_shulker_box":5,"minecraft:magenta_glazed_terracotta":53,"minecraft:chain_command_block":50,"minecraft:lapis_block":6,"minecraft:grass_path":2,"create:creative_fluid_tank":13,"minecraft:wither_rose":1,"create:hand_crank":75,"minecraft:polished_blackstone_button":16,"create:pulse_repeater":6,"create:fancy_granite_bricks_stairs":7,"minecraft:purple_carpet":2,"create:limesand":9,"minecraft:smooth_stone":315,"minecraft:splash_potion":292,"minecraft:birch_stairs":11},"minecraft:custom":{"minecraft:interact_with_crafting_table":4,"minecraft:bell_ring":5,"minecraft:eat_cake_slice":23,"minecraft:leave_game":32,"minecraft:time_since_death":1963,"minecraft:deaths":141,"minecraft:jump":4062,"minecraft:interact_with_furnace":15,"minecraft:damage_dealt":16486,"minecraft:inspect_dispenser":114,"minecraft:inspect_dropper":1,"minecraft:interact_with_anvil":9,"minecraft:inspect_hopper":7,"minecraft:target_hit":232,"minecraft:sneak_time":148677,"minecraft:interact_with_blast_furnace":5,"minecraft:time_since_rest":1966,"minecraft:swim_one_cm":26,"minecraft:fly_one_cm":14788403,"minecraft:open_chest":10,"minecraft:fall_one_cm":17128,"minecraft:open_shulker_box":116,"minecraft:sprint_one_cm":392111,"minecraft:drop":1997,"minecraft:talked_to_villager":4,"minecraft:walk_on_water_one_cm":36853,"minecraft:play_one_minute":2642428,"minecraft:interact_with_beacon":5,"minecraft:player_kills":2,"minecraft:crouch_one_cm":103224,"minecraft:mob_kills":217,"minecraft:climb_one_cm":11247,"minecraft:walk_one_cm":1495071,"minecraft:walk_under_water_one_cm":33369,"minecraft:boat_one_cm":30947,"minecraft:interact_with_grindstone":2,"minecraft:damage_taken":18600,"minecraft:minecart_one_cm":103770,"minecraft:aviate_one_cm":64609},"minecraft:crafted":{"minecraft:leather_chestplate":2}},"DataVersion":2584}